Bill Number,Date,Client Name,Total Amount,VAT
17045625,11/01/2017,Davidson-Martinez,"31,06","2,82"
61356291,09/06/2012,Rodriguez-Stevens,"212,09","19,28"
49565075,10/28/2019,Garcia Inc,"96,73","8,79"
95611677,07/19/2016,Johnson Group,"1054,10","95,83"
49822251,02/21/2015,Espinoza LLC,"272,73","24,79"
26020078,11/19/2019,"Ochoa, Crane and Johnston","116,52","10,59"
34069390,05/09/2016,"Fuller, Thomas and Green","4272,92","388,45"
42485588,03/15/2012,Knight-Brown,"214,41","19,49"
72794429,03/15/2021,Frost PLC,"285,98","26,00"
94689364,01/12/2015,"Schwartz, Flynn and Jackson","37153,67","3377,61"
62416513,05/05/2013,Miller-Campbell,"415,75","37,80"
48402876,02/06/2020,Chapman-Pineda,"4618,75","419,89"
55043266,03/15/2012,"Smith, Payne and Vargas","676,46","61,50"
11158119,03/23/2019,Graham-Shepherd,"131,98","12,00"
48142412,02/02/2014,"Park, Sullivan and Bernard","34222,84","3111,17"
65321852,04/11/2021,Wells-Carlson,"214,24","19,48"
53695084,10/25/2015,"Black, Smith and Bass","2012,51","182,96"
86268868,03/30/2012,"Adams, Holmes and Cruz","36946,22","3358,75"
65851875,05/06/2021,Perez Group,"55,66","5,06"
39280409,07/06/2014,Bailey-Harris,"1767,34","160,67"
57262990,11/25/2016,Rivera Inc,"27,13","2,47"
87278875,07/06/2019,"Foster, Travis and Harris","75,61","6,87"
49089384,08/17/2014,Glover and Sons,"51803,01","4709,36"
15203117,05/10/2019,"Howell, Bryant and Martinez","25,52","2,32"
53737787,12/08/2011,Kelly-Herring,"205,50","18,68"
16220332,05/15/2017,Mosley LLC,"69138,73","6285,34"
10080932,05/30/2021,"Gallagher, Welch and Campbell","1430,92","130,08"
76999802,07/14/2020,"Dixon, Hall and Payne","81661,14","7423,74"
88659425,10/15/2016,Moore-Pierce,"567,27","51,57"
61619303,09/20/2013,"Burgess, Evans and Moreno","1057,33","96,12"
83326872,10/12/2019,Fisher-Mendez,"3565,99","324,18"
56514066,05/14/2014,Keller Inc,"49,38","4,49"
47743201,07/23/2015,Greene-Dean,"51,40","4,67"
74322107,02/02/2016,Taylor Ltd,"68,16","6,20"
45072501,04/29/2017,"Spears, Valdez and Perez","159,74","14,52"
33931957,12/17/2015,Cohen LLC,"27,50","2,50"
74474655,01/03/2015,"Rogers, Parks and Hall","119,23","10,84"
70372519,05/01/2013,"Brown, Rodriguez and Lopez","4916,88","446,99"
95592218,03/09/2017,"Galloway, Robinson and Rice","20,34","1,85"
94133236,12/12/2019,Jefferson Group,"114385,48","10398,68"
33652903,05/19/2014,Stewart and Sons,"267,69","24,34"
51686132,06/27/2015,Stephens PLC,"1523,45","138,50"
99988020,07/03/2013,Harvey-Palmer,"4949,95","450,00"
38829380,12/25/2017,"Meza, Griffin and Powell","18710,63","1700,97"
68868961,03/06/2014,Gray LLC,"4801,45","436,50"
90265578,12/29/2017,Martin-Morgan,"1095,24","99,57"
49923258,10/26/2011,Roth-Smith,"1182,50","107,50"
78566408,03/18/2016,Adams and Sons,"228,68","20,79"
97802815,02/27/2013,Bolton-Jackson,"560,99","51,00"
95707254,07/20/2020,"Carr, Odom and Jones","302,58","27,51"
67182330,06/05/2014,Wright-Johnson,"405,67","36,88"
72346654,10/25/2015,Perez Group,"7433,21","675,75"
89538216,09/09/2018,Boyer-Jackson,"1682,77","152,98"
60178633,12/25/2013,"Elliott, Kelly and Warren","131,94","11,99"
65744802,03/30/2012,Bates and Sons,"52,80","4,80"
76671573,04/08/2012,"Smith, Landry and Ruiz","10,76","0,98"
49656852,08/28/2016,"Wall, Gonzalez and Armstrong","52466,15","4769,65"
46775557,04/05/2019,Rose Ltd,"80,28","7,30"
23876575,07/11/2016,"Simpson, Barton and Barnes","3766,06","342,37"
97159829,09/18/2015,Castro PLC,"978,12","88,92"
89379798,03/20/2020,Williams PLC,"31774,49","2888,59"
12456262,02/22/2012,Medina-Kennedy,"58667,76","5333,43"
20297202,04/28/2018,"Mitchell, Fletcher and Smith","19,67","1,79"
40703934,03/10/2016,Moore-Miller,"239,23","21,75"
12877828,01/28/2017,Woods Ltd,"402,99","36,64"
20850516,07/10/2017,"Duncan, Mendoza and Mitchell","195,31","17,76"
24467788,12/09/2016,Rodriguez-Anderson,"11338,50","103,50"
23436462,03/06/2012,"Rivera, Cruz and Lane","38879,73","3534,52"
34911755,01/30/2019,"Martin, Russo and Gaines","199,20","18,11"
13194726,05/29/2021,Hopkins and Sons,"640,12","58,19"
75703845,05/20/2019,"Aguilar, Brown and Ray","2425,87","220,53"
33137636,07/20/2015,Schultz PLC,"215,03","19,55"
65937088,07/14/2011,"Barnes, Davis and Daniel","1133,54","103,05"
93411242,01/07/2017,Smith-Hill,"7876,78","716,07"
78985014,10/21/2020,Dickson LLC,"12074,79","1097,71"
25342867,01/10/2015,"Brown, Miller and Wise","237,49","21,59"
96856159,06/12/2014,Sellers PLC,"703,96","64,00"
26248685,05/26/2018,"Mitchell, Hill and Strickland","309,10","28,10"
41887406,03/24/2014,Wagner Ltd,"5312,84","482,99"
24344887,02/20/2020,Mercado-Nelson,"60,49","5,50"
24902792,02/27/2015,"Morrow, Heath and Gonzales","20871,27","1897,39"
37292788,07/12/2013,Riley-Miller,"120,51","10,96"
68357221,09/26/2013,Edwards-Morris,"13,75","1,25"
84422507,12/08/2019,"Watson, White and Lawrence","5274,36","479,49"
14964142,12/23/2013,Dixon-Wall,"4,94","0,45"
12830936,04/27/2021,Johnson LLC,"6530,55","593,69"
56323869,04/24/2015,"Lopez, Bailey and White","31,02","2,82"
68043569,09/09/2011,"Schultz, Lopez and Smith","969,80","88,16"
88408888,06/02/2012,"Baldwin, Johnson and Jenkins","650,67","59,15"
11724045,04/09/2019,"Swanson, Garza and Snyder","1100,73","100,07"
62517865,06/02/2015,Lee and Sons,"9,35","0,85"
32656405,10/25/2013,"James, Johnson and Adkins","882,05","80,19"
52557179,08/22/2012,Serrano-Jones,"41027,47","3729,77"
80150256,07/24/2017,Perkins PLC,"104,85","9,53"
59540671,09/23/2012,"Garcia, Wheeler and Johnston","159,80","14,53"
80930562,08/14/2012,Vazquez Inc,"1935,80","175,98"
85817513,10/16/2018,Alexander-Conrad,"104,45","9,50"
26675003,10/24/2012,Hayes Inc,"177,76","16,16"
79616362,01/13/2021,"Rosales, Day and Ingram","4174,28","379,48"
92651511,01/18/2015,Macdonald Ltd,"13986,35","1271,49"
92751876,02/14/2013,Welch Ltd,"193,56","17,60"
87970852,05/16/2018,Trujillo PLC,"335,04","30,46"
53489259,04/03/2013,Chavez-Marquez,"1509,64","137,24"
94885760,08/22/2012,Chen-Ortega,"60,45","5,50"
17695664,02/27/2015,Clay-Johnson,"229,17","20,83"
90446683,02/11/2016,Peterson-Long,"216,67","19,70"
52013651,01/11/2017,Taylor PLC,"72423,87","6583,99"
29470022,02/17/2019,Estrada-Vasquez,"574,51","52,23"
21722776,11/05/2019,Williams-Foster,"2188,73","198,98"
28610769,06/19/2017,Eaton Ltd,"2172,39","197,49"
79637771,09/26/2011,Stevens-Compton,"55378,76","5034,43"
22553110,07/26/2011,Black LLC,"44630,49","4057,32"
67095041,12/14/2018,"Bernard, Welch and Freeman","87,96","8,00"
33691533,07/25/2014,Scott-Garcia,"3619,50","329,05"
52574707,04/12/2019,"Martin, Johnson and Delgado","720,57","65,51"
53339803,09/11/2018,"Ball, Smith and Rhodes","16830,00","1530,00"
23128566,08/27/2020,Martinez-Silva,"135,62","12,33"
13110923,12/21/2013,"Hodges, Lang and Thompson","30588,80","2780,80"
66045137,08/09/2016,"Lopez, Chapman and Gonzalez","320,94","29,18"
86561552,03/09/2018,Taylor-Howard,"3305,18","300,47"
40725651,06/15/2015,French-Cooper,"32042,55","2912,96"
66537515,11/25/2018,Morris-Trujillo,"1658,25","150,75"
28661957,04/07/2013,"Harris, Walker and Lopez","328,79","29,89"
17548173,10/20/2012,"Conrad, Smith and Watkins","1408,94","128,09"
48239873,09/19/2016,Briggs Inc,"97,52","8,87"
16581981,07/26/2016,"Case, Wagner and Johnson","222,58","20,23"
22323078,05/11/2016,Hernandez LLC,"131,92","11,99"
27188556,03/10/2019,Washington and Sons,"18604,53","1691,32"
71963176,01/31/2019,Stewart Ltd,"142,11","12,92"
22537855,07/03/2013,"Wilson, Wagner and Newman","10559,00","959,91"
41997527,02/02/2021,Cox LLC,"78,54","7,14"
99053443,06/04/2019,"Walters, Cantu and Duran","229,79","20,89"
87433420,04/26/2015,"James, Becker and Walters","698,91","63,54"
81153047,12/12/2020,"Sparks, Wang and West","203,19","18,47"
93356118,06/14/2013,"Robinson, Cannon and Ray","9645,88","876,90"
64218159,11/09/2013,"Mata, Pena and Avery","64,67","5,88"
78190005,01/09/2016,"Simmons, Jones and Jones","4146,50","376,95"
29333870,03/06/2021,Castillo-Obrien,"10,99","1,00"
48757480,02/28/2021,"Hogan, House and Braun","270,28","24,57"
19832522,09/27/2016,"Parks, Hardin and Hines","76,91","6,99"
70646996,12/04/2018,Rogers Inc,"97,33","8,85"
78984257,10/20/2019,Petersen-Best,"30468,27","2769,84"
84408619,08/19/2019,Chang-Doyle,"5687,30","517,03"
93769983,06/01/2019,"Jones, Swanson and Smith","28940,34","2630,94"
52721574,04/13/2019,Robertson Inc,"5224,97","475,00"
65428348,07/27/2017,Diaz LLC,"672,08","61,10"
20527132,04/16/2018,"Roberts, Wilson and Galloway","1208,85","109,90"
57114004,03/20/2012,"Gardner, Hernandez and Hart","14,82","1,35"
35494837,04/02/2019,Cabrera Ltd,"95,94","8,72"
76588527,11/21/2018,Kirby-Charles,"747,96","68,00"
85736423,10/06/2019,Flynn-Anderson,"2161,30","196,48"
50368630,10/08/2018,"Knight, Contreras and Roberts","36623,38","3329,40"
16575103,07/03/2016,Charles-Garner,"280,50","25,50"
84404809,09/11/2011,Bishop-Taylor,"123,09","11,19"
14941401,07/28/2020,"Oconnor, Hubbard and Jackson","605,00","55,00"
95434324,10/16/2017,Wood-Mccarty,"1026,70","93,34"
77658002,01/21/2014,Espinoza LLC,"323,14","29,38"
40345107,04/02/2013,Roberts-Wolfe,"175,30","15,94"
77725914,09/01/2018,"Coleman, Mccoy and Cooper","893,82","81,26"
56014042,10/01/2014,Mckay PLC,"65,45","5,95"
39190235,02/18/2019,"Mitchell, Knight and Hale","2506,78","227,89"
43453121,03/24/2021,"Moran, Taylor and Myers","201,06","18,28"
53989435,11/29/2013,Ramirez and Sons,"18454,56","1677,69"
38996645,02/16/2015,Orr-Morales,"302,39","27,49"
27484701,11/16/2017,Galloway PLC,"6220,32","565,48"
26838088,05/16/2017,Moss Inc,"174,65","15,88"
15685761,05/15/2017,Cunningham-Williams,"14,82","1,35"
28753573,07/28/2012,"Gordon, Crawford and Jacobs","65,97","6,00"
96452603,03/12/2016,Ochoa and Sons,"458,96","41,72"
55236311,10/21/2017,Ward-Lindsey,"139,66","12,70"
38794127,03/11/2013,Byrd-George,"345,74","31,43"
37535203,07/13/2015,Miranda-Nielsen,"475,75","43,25"
11764566,06/01/2018,Arnold Group,"97,75","8,89"
79434652,06/22/2013,Keller Inc,"231,12","21,01"
29494035,04/09/2016,"Ray, Diaz and Montes","2188,91","198,99"
15665127,11/03/2020,"Cruz, Martinez and Jones","2345,76","213,25"
39338291,03/07/2017,Carey PLC,"275,00","25,00"
51661013,05/11/2021,Walker PLC,"198,00","18,00"
97511742,04/07/2016,Boyle Ltd,"4746,42","431,49"
10541959,02/19/2017,Smith-Haynes,"28,75","2,61"
74782862,02/17/2012,White Group,"1665,40","151,40"
60400209,10/02/2017,Elliott-Cole,"257,19","23,38"
38166771,08/09/2018,Henry Ltd,"51,70","4,70"
62312762,03/08/2019,Dalton-Pope,"1080,08","98,19"
79917076,05/13/2021,"Davenport, Cooper and Clayton","15488,29","1408,03"
35050964,11/18/2011,"Wong, Le and Hall","664,02","60,37"
84663031,08/02/2020,Berry-Barnes,"126,08","11,46"
79128264,12/31/2014,"Pearson, Gibbs and Ayala","382,98","34,82"
35034639,03/12/2015,Jenkins Inc,"109,94","9,99"
67583819,06/01/2012,Gomez-Martinez,"978,64","88,97"
67411769,01/13/2013,Estes-Ferguson,"341,63","31,06"
77256632,05/05/2013,Giles Inc,"15,36","1,40"
90253965,05/23/2013,"Tate, Scott and Kennedy","26677,20","2425,20"
95635623,08/11/2019,"Jones, English and Perry","397,51","36,14"
35977350,04/01/2016,Alvarado and Sons,"1497,90","136,17"
18001573,12/30/2012,"Chavez, Burke and Jones","111,07","10,10"
33385243,09/25/2013,"Russo, Fernandez and May","2900,15","263,65"
83347787,06/05/2013,Lyons-Manning,"557,85","50,71"
68298216,07/16/2011,"Smith, Le and Johnson","391,55","35,60"
89042780,10/16/2015,"Brown, Dodson and Weaver","2099,42","190,86"
61660848,05/30/2019,Robbins Group,"26,53","2,41"
83087418,08/21/2019,"Kemp, Barber and Hanson","48416,63","4401,51"
68864619,01/16/2015,"Daniel, Sutton and Stevens","9,00","0,82"
82869381,09/16/2016,James-Jones,"497,98","45,27"
12335640,12/31/2018,Tapia Inc,"387,09","35,19"
56513760,10/25/2011,Lyons-Murphy,"7110,40","646,40"
72473480,10/30/2020,Ball and Sons,"82,20","7,47"
95877096,07/01/2016,"Gomez, Mercado and Nichols","529,90","48,17"
16979918,02/18/2018,"Patterson, Trevino and Browning","4640,50","421,86"
85583861,11/29/2020,Blankenship-Yates,"6236,91","566,99"
53923577,04/19/2017,"Knapp, Moore and Cooper","1938,76","176,25"
52337235,05/30/2020,"Gallegos, Shea and Lawson","507,47","46,13"
43106482,06/15/2019,"Vincent, Johnson and Cortez","295,44","26,86"
77939527,10/21/2013,Moore Group,"116,29","10,57"
60358070,03/29/2019,Compton-Hahn,"8695,03","790,46"
45290929,05/19/2014,Garrison Inc,"71,39","6,49"
99034529,08/16/2011,Allen-Alvarez,"680,34","61,85"
54350218,07/29/2018,"Richards, Pittman and Scott","482,25","43,84"
66017174,03/26/2021,"Richards, Johnson and Harper","5888,80","535,35"
52676405,09/02/2017,Avila-Miller,"165,94","15,09"
91203765,12/18/2019,Nichols-Williams,"606,66","55,15"
64809205,08/18/2014,"Mason, Melton and Matthews","716,27","65,12"
53875869,07/12/2012,"Elliott, Kelly and Turner","66,00","6,00"
16662010,08/28/2016,Snyder-Johnson,"2259,10","205,37"
13310164,01/16/2020,Campbell-Flores,"18749,50","1704,50"
67651165,05/25/2018,"Atkins, Benton and Cortez","675,46","61,41"
74825616,11/10/2011,Grant PLC,"471,15","42,83"
27301261,10/09/2012,Hernandez-Anderson,"544,46","49,50"
57976720,01/02/2018,"Casey, Watkins and Delgado","916,21","83,29"
38870308,08/01/2019,"Ramirez, Donaldson and Lane","328,83","29,89"
66172709,02/27/2015,Ferguson Inc,"72257,70","6568,88"
37999492,10/22/2017,"Jones, Miller and Yoder","4949,18","449,93"
46569899,10/14/2018,Cooper PLC,"2348,08","213,46"
10823698,09/26/2020,Huerta-Cortez,"57483,07","5225,73"
49458748,03/08/2019,Martin-Flores,"1143,66","103,97"
63665479,02/12/2017,Carrillo-Montoya,"176,00","16,00"
25939833,03/28/2014,Rodgers LLC,"3933,72","357,61"
70123184,01/28/2016,Cooley Ltd,"749,99","68,18"
89404218,10/17/2017,Zamora-Robbins,"503,92","45,81"
99763738,06/14/2017,"Franklin, Alexander and Ford","403,25","36,66"
90885385,12/26/2012,"Randall, Murphy and Bowman","397,96","36,18"
65507091,07/30/2014,Hensley LLC,"67572,13","6142,92"
69045418,06/09/2015,Zavala-Brooks,"26,94","2,45"
28590433,09/27/2016,White Group,"15804,54","1436,78"
38096197,02/23/2019,Morgan LLC,"27,23","2,48"
84423800,10/11/2019,Morgan Ltd,"1026,71","93,34"
58805260,03/07/2019,"James, Johnson and Martin","6004,31","545,85"
11489615,07/06/2016,Jones-Flores,"303,29","27,57"
70521557,04/12/2020,Ramirez-Williams,"117,60","10,69"
19537372,07/28/2012,Rodriguez Ltd,"6016,84","546,99"
62515232,11/14/2019,Yang LLC,"14934,73","1357,70"
81163184,10/23/2017,Hoffman-Daniel,"4,36","0,40"
97294846,05/23/2020,Morgan and Sons,"264,09","24,01"
46301857,04/08/2017,"Parker, Graham and Swanson","65,29","5,94"
13869338,06/24/2018,Burnett-Garcia,"5589,55","508,14"
75367021,11/12/2018,"Lawrence, Stevens and Robinson","36651,71","3331,97"
30592071,08/22/2016,Woods PLC,"143,00","13,00"
76903393,07/24/2012,King-Wells,"5230,40","475,49"
88630006,02/18/2017,"Barton, Haynes and Washington","33794,35","3072,21"
41389063,03/17/2021,"Davis, Li and Coleman","16,14","1,47"
65882528,01/08/2014,"Hale, Adams and Kramer","160,33","14,58"
27139567,07/14/2017,"Morris, Gentry and Nguyen","48517,63","4410,69"
66002809,11/07/2017,Chen-Higgins,"569,21","51,75"
69941787,03/03/2012,Nelson-Chandler,"35572,00","3233,82"
60263180,10/11/2012,Johnson Inc,"488,70","44,43"
27543706,07/20/2020,"Kaiser, Hays and Cook","48801,10","4436,46"
69649998,04/11/2017,"Jackson, Gomez and Dillon","8679,00","789,00"
77513425,02/12/2021,"Rogers, Fitzpatrick and Salazar","346,19","31,47"
18531177,04/30/2015,"Bird, Bates and Johnston","245,20","22,29"
46405643,05/16/2018,Burke-Nelson,"3098,57","281,69"
55735711,11/03/2017,Mathis-Berry,"52697,26","4790,66"
88273503,01/17/2021,Rodriguez-Jennings,"549,98","50,00"
98418938,08/31/2018,"Johnson, Anderson and Hartman","1286,99","117,00"
59482422,02/22/2016,"Davis, Miller and Mcfarland","934,31","84,94"
45241268,10/25/2018,Goodman-Rangel,"220,44","20,04"
26343874,07/17/2013,Herring-Floyd,"3490,29","317,30"
12342928,04/12/2019,"Hanna, Mathis and Zuniga","819,69","74,52"
39390025,01/17/2019,Sullivan-Sanchez,"1332,32","121,12"
42063568,06/21/2016,Kim-Anderson,"2977,67","270,70"
41925448,08/19/2019,Wang Ltd,"395,96","36,00"
63433526,09/08/2017,Hudson Ltd,"572,00","52,00"
19961329,02/24/2015,Cox-Hall,"40,69","3,70"
77281821,01/13/2014,"Ramirez, Anderson and Hughes","29897,50","2717,95"
75499908,11/15/2017,Daniel LLC,"1161,01","105,55"
51719586,08/25/2012,Taylor-Neal,"3,29","0,30"
30386285,09/28/2020,Rodriguez and Sons,"23844,07","2167,64"
25796631,07/03/2013,Rogers-Jones,"257,95","23,45"
58162869,05/18/2019,"Foster, Jones and Contreras","36210,72","3291,88"
65923175,12/13/2019,Huber-Johnson,"891,00","81,00"
61819195,08/28/2019,"Morrison, Stewart and Graham","312,04","28,37"
81432357,07/30/2020,"Golden, Gross and Rivera","10305,77","936,89"
19136863,11/15/2013,"Avila, Garcia and Murray","2521,04","229,19"
56114837,10/30/2013,Hill-Smith,"109,96","10,00"
80918693,06/19/2020,"Jacobs, Patterson and Church","748,24","68,02"
65059169,09/12/2018,Smith Group,"1017,45","92,50"
83613779,06/25/2014,"Weiss, Beard and Ayala","897,52","81,59"
70284416,04/15/2012,Marshall-Perez,"32,97","3,00"
40394912,03/23/2020,Cross-Estrada,"1369,50","124,50"
99096943,10/08/2018,Walker Group,"231,39","21,04"
72744145,03/29/2016,"Hopkins, Graves and Baker","3085,50","280,50"
43551281,11/02/2014,Bowen-Schroeder,"2089,23","189,93"
12222347,03/18/2017,Wilson PLC,"136,13","12,38"
26388025,09/01/2018,Robertson-Davis,"20,72","1,88"
13044521,01/02/2013,Garcia and Sons,"53078,96","4825,36"
10457894,08/21/2012,Morgan-Houston,"215,04","19,55"
59336079,01/09/2012,Rogers-Brown,"2,19","0,20"
94292113,06/06/2016,Johnson and Sons,"962,46","87,50"
51265939,11/16/2016,Weaver-Carr,"5906,47","536,95"
43883632,06/20/2020,"Wu, Chung and White","330,00","30,00"
65095335,02/15/2017,Payne-Davis,"46910,41","4264,58"
14361748,09/09/2018,"Becker, Day and Macias","412,36","37,49"
31311902,06/04/2017,"Young, Rosales and Graham","467,17","42,47"
29870205,03/15/2013,"Banks, Wright and Mills","1214,29","110,39"
16692901,04/03/2018,Tucker-Diaz,"79,13","7,19"
78962884,01/03/2019,Anderson-Rodriguez,"409,05","37,19"
27216737,05/23/2018,Campbell and Sons,"18561,36","1687,40"
80797635,11/22/2014,Decker Group,"557,40","50,67"
76658127,10/23/2011,Sherman PLC,"628,00","57,09"
59326638,05/27/2013,"Huber, Walker and Mullins","158,38","14,40"
64281058,11/08/2019,"Zuniga, Short and Jensen","15416,49","1401,50"
28935386,02/25/2017,"Mayer, Richardson and Gamble","3157,01","287,00"
79587541,08/02/2014,"Horton, Gillespie and Moore","10,99","1,00"
29593215,11/20/2017,"Washington, Robertson and Howard","462,97","42,09"
61264237,10/25/2020,Cisneros Group,"288,15","26,20"
93062905,08/16/2014,Anderson Group,"1800,81","163,71"
26363966,06/13/2016,Fox Inc,"323,84","29,44"
47703225,06/18/2018,Green Ltd,"56338,59","5121,69"
19512841,06/18/2012,Fleming Ltd,"1102,90","100,26"
86976994,08/02/2020,"Gonzalez, Taylor and Gonzales","852,50","77,50"
86602235,04/03/2021,Barnes-Morton,"3729,94","339,09"
33658471,12/24/2016,Roy LLC,"272,47","24,77"
83186249,03/06/2014,Moody LLC,"9103,46","827,59"
95710850,10/30/2015,"Salazar, Dunlap and Graham","41,80","3,80"
99214533,05/25/2017,Tapia-Warren,"9809,80","891,80"
10372826,05/15/2019,Moore Group,"276,60","25,15"
54533510,02/10/2021,Skinner Group,"63,69","5,79"
94198533,08/03/2015,Brooks Group,"2350,26","213,66"
99788357,10/14/2018,"Valdez, Young and Ingram","4,36","0,40"
25864435,01/08/2018,Glover-Welch,"1186,57","107,87"
39760888,07/20/2017,Yates and Sons,"569,69","51,79"
62842838,08/27/2019,Hill-Garcia,"20710,80","1882,80"
60241381,10/02/2018,"Higgins, Bautista and Harrison","115,39","10,49"
87689704,03/24/2020,Gonzalez-Williams,"687,50","62,50"
64125453,03/25/2013,Campos PLC,"296,91","26,99"
36063205,01/06/2016,Webster Group,"110,00","10,00"
80036269,02/27/2018,"Hull, Page and Perez","79238,76","7203,52"
71887110,02/07/2013,Adams Group,"2595,99","236,00"
20653012,08/03/2013,Coleman Inc,"640,15","58,20"
55979366,01/21/2016,Gonzalez-Aguilar,"459,79","41,80"
43417184,01/15/2017,Garner-Robinson,"339,79","30,89"
16925671,07/14/2012,"Robertson, Morton and Levine","188,89","17,17"
25698672,08/01/2015,Manning-Ho,"127,00","11,55"
19005698,04/27/2019,"Middleton, Lee and Peters","84274,59","7661,33"
16131761,12/04/2015,Watts-Glover,"398,16","36,20"
96448980,04/03/2013,Duarte Ltd,"5034,62","457,69"
33289699,12/24/2012,Haynes-Woods,"439,95","40,00"
86883880,06/16/2018,Davis PLC,"225,19","20,47"
76330023,05/04/2018,Baker-Jackson,"2810,26","255,48"
86091106,09/22/2013,Strong-Chavez,"648,93","58,99"
54569960,12/06/2020,"Jones, Butler and Olson","323,11","29,37"
36529974,07/22/2017,"Morris, Trujillo and Rhodes","2566,09","233,28"
24048799,05/21/2014,"Williams, Fletcher and Taylor","5,45","0,50"
54896869,01/20/2019,Odonnell-Kirk,"33527,36","3047,94"
42242778,03/05/2017,"Moore, Hall and Figueroa","26577,76","2416,16"
81205197,11/23/2016,"Hawkins, Robinson and Pittman","1126,13","102,38"
59932057,01/17/2021,Jones Inc,"19932,00","1812,00"
23894332,06/16/2015,Mora-Manning,"47168,59","4288,05"
91966464,08/24/2020,Hays and Sons,"1394,75","126,80"
79111644,04/19/2020,"Phillips, May and Evans","582,70","52,97"
45802970,03/30/2021,"Lopez, Pearson and Garcia","4055,34","368,67"
74336205,10/17/2016,Chen-Garcia,"7973,98","724,91"
37020779,12/23/2019,Jenkins-Lewis,"394,34","35,85"
67528272,01/15/2020,Reyes Group,"437,70","39,79"
56282973,06/30/2015,"Boyer, Trevino and Hines","46273,39","4206,67"
35893514,12/23/2019,Merritt and Sons,"70,14","6,38"
38248291,06/18/2012,Campbell and Sons,"305,57","27,78"
37702939,03/02/2013,Lopez Inc,"521,64","47,42"
76059860,03/04/2020,Owens-Harrison,"36,03","3,28"
93281048,11/27/2017,"Benson, Medina and Hamilton","42668,81","3878,98"
34287467,06/21/2017,Daniel LLC,"223,01","20,27"
21628539,01/25/2018,Hall Inc,"262,63","23,88"
75106829,09/03/2011,"Adams, Garza and Lynch","354,15","32,20"
32717637,01/08/2013,Armstrong and Sons,"119,87","10,90"
23706524,12/15/2013,Walker LLC,"146,27","13,30"
34310027,09/06/2016,Thomas-Lee,"293,05","26,64"
48650328,01/23/2019,Steele PLC,"3120,51","283,68"
35302925,12/18/2012,Melton-Gutierrez,"19938,20","1812,56"
72455228,05/11/2021,Brady LLC,"2155,98","196,00"
96900726,05/11/2014,Nielsen-Phillips,"98,96","9,00"
43846862,01/10/2017,Phillips PLC,"5296,43","481,49"
33292422,11/13/2014,Peterson-Bell,"330,00","30,00"
27892893,01/16/2020,Reeves-Campbell,"16691,02","1517,37"
72238973,07/25/2011,"Morris, Robinson and Porter","4532,00","412,00"
45181097,02/24/2018,Hobbs Group,"500,29","45,48"
77205533,11/29/2011,"Murphy, Fleming and Bentley","340,99","31,00"
84635791,04/17/2020,Jones Ltd,"351,96","32,00"
49740963,08/22/2017,Flores-Reilly,"594,52","54,05"
43825047,05/09/2020,Price-Williams,"3762,43","342,04"
95566234,12/25/2012,"Jones, Green and Nolan","432,22","39,29"
66789639,09/19/2011,Ferguson and Sons,"298,42","27,13"
89174655,01/19/2016,Guerrero Group,"111,31","10,12"
48902311,03/31/2016,Hill Group,"645,56","58,69"
56192997,08/16/2019,"Ingram, Mcdaniel and Wilson","3013,90","273,99"
94404257,07/03/2013,Sandoval-Phillips,"138,90","12,63"
10596025,12/31/2020,"Mendez, Carrillo and Bush","2601,39","236,49"
92034501,12/12/2015,"Rodriguez, Johnson and David","15764,17","1433,11"
71349588,01/12/2014,Patterson-Rhodes,"412,70","37,52"
69087316,08/12/2011,Adkins LLC,"91,39","8,31"
53192110,07/28/2019,"George, Solis and Roberts","16,47","1,50"
81296657,09/14/2018,Gordon-James,"1165,90","105,99"
64248693,01/26/2018,"Morgan, Rogers and Brown","7598,61","690,78"
89098949,11/18/2018,Short-Gonzalez,"26764,68","2433,15"
35471025,12/19/2015,"Garcia, Castro and Smith","5826,92","529,72"
10817861,06/09/2020,"Shaw, Williams and Johnston","11880,00","1080,00"
21097773,01/05/2020,Becker Group,"76,98","7,00"
71177260,06/11/2014,"Gay, Wilson and Green","422,55","38,41"
43546497,08/26/2017,Davis Ltd,"37,05","3,37"
65166425,11/14/2020,Gutierrez-Williams,"138,53","12,59"
31007296,05/06/2016,"Eaton, White and Turner","764,24","69,48"
92802196,04/09/2017,Phillips Group,"686,75","62,43"
76954213,08/11/2012,Jennings Inc,"403,84","36,71"
76654515,04/09/2012,Bradford-Graham,"70,52","6,41"
58097062,04/05/2013,Harper-Flynn,"31822,25","2892,93"
66700610,06/19/2013,Grant PLC,"1451,91","131,99"
45425546,07/13/2017,"Walker, Foster and Brandt","6232,82","566,62"
87280945,03/05/2012,"Daniels, Garcia and Larson","1095,56","99,60"
29653721,10/07/2017,Reyes LLC,"767,32","69,76"
47015720,01/29/2019,"Robbins, Kelley and Lewis","274,88","24,99"
90068152,08/11/2018,Clark-Lopez,"577,31","52,48"
48186352,06/10/2013,Gonzalez-Brown,"961,36","87,40"
30642722,10/06/2015,James LLC,"187,85","17,08"
38557956,08/16/2013,"Wilson, Freeman and Lyons","584,48","53,13"
68330075,10/08/2011,"Shaw, Reeves and Valdez","230,97","21,00"
26110076,05/20/2012,Turner-Palmer,"1657,58","150,69"
98341217,09/16/2011,Huynh-Pacheco,"251,65","22,88"
96556696,02/25/2016,Miller PLC,"1025,61","93,24"
51890008,10/21/2020,Velasquez-Lopez,"1516,88","137,90"
49106170,04/30/2013,"Huerta, Graham and Campbell","8905,77","809,62"
97410469,02/12/2018,Kidd Group,"167,57","15,23"
95894022,07/17/2014,"Cruz, Miller and Brown","169,34","15,39"
73707762,12/13/2017,Oneill Inc,"1221,77","111,07"
72677375,08/04/2013,Gonzalez-Stephens,"527,95","48,00"
26871861,05/15/2014,Casey-Osborn,"85,76","7,80"
19078061,03/03/2013,Combs Group,"1869,98","170,00"
71449499,09/09/2015,Peters-Santiago,"193,02","17,55"
19471831,04/09/2014,"Rios, Oneill and Rowe","44745,59","4067,78"
65524700,02/23/2020,Hall-Cole,"10316,95","937,90"
15226383,12/13/2012,Hudson-Calderon,"331,99","30,18"
13304079,11/12/2011,Carter-Hill,"2200,00","200,00"
31137784,01/27/2015,Arnold and Sons,"76,96","7,00"
44897195,09/04/2018,"Rodriguez, Fleming and Flores","19,22","1,75"
98442092,06/10/2015,"Hudson, Hinton and Phillips","172,71","15,70"
12920327,08/28/2014,Weber Inc,"2529,57","229,96"
76820481,07/08/2016,Bradshaw-Wall,"117,04","10,64"
70362207,01/12/2017,Patel-Matthews,"1963,26","178,48"
64480147,04/09/2012,Byrd Group,"3046,86","276,99"
85335509,06/09/2011,Allen Ltd,"5345,89","485,99"
18393770,07/16/2013,Taylor-Davis,"4334,11","394,01"
66020741,10/11/2014,Mcdonald PLC,"44,00","4,00"
32131502,02/26/2019,"Jimenez, Smith and Lee","6640,07","603,64"
78265258,09/26/2016,Patel Group,"228,71","20,79"
34528548,11/02/2015,Huerta Ltd,"802,73","72,98"
25222301,06/02/2017,"Moody, Thompson and Evans","18230,85","1657,35"
20583097,09/16/2019,Jones PLC,"92902,69","8445,70"
89909949,01/04/2017,Bullock-Terry,"269,96","24,54"
82087318,07/31/2019,Khan LLC,"12119,61","1101,78"
22007301,06/25/2017,Crawford Group,"29325,79","2665,98"
16798931,10/15/2018,Williams-Rubio,"778,49","70,77"
18884359,09/04/2015,"Fields, Bennett and Dodson","12627,75","1147,98"
23004223,03/05/2020,"Jimenez, Hicks and Bailey","450,54","40,96"
92964019,01/23/2013,"Silva, Moreno and Henry","11788,23","1071,66"
12007995,04/08/2012,"Jenkins, Cobb and Woods","22,00","2,00"
56159495,04/01/2012,Jackson Ltd,"4237,17","385,20"
36793561,10/29/2012,Young Group,"675,82","61,44"
68593869,12/24/2017,"Patel, Johnson and Williams","162,35","14,76"
80028090,11/20/2018,Burke-Gordon,"5899,43","536,31"
30221274,03/05/2021,Henry-Malone,"1593,58","144,87"
92627663,05/12/2018,"Nguyen, Ray and Allen","23454,63","2132,24"
65129596,09/12/2017,Mccormick-Williams,"292,03","26,55"
61268082,10/23/2013,Garcia Group,"14,00","1,27"
99923268,05/29/2012,Stone Group,"210,80","19,16"
60860535,09/14/2015,Lamb Group,"153,97","14,00"
42535887,09/04/2014,Bean and Sons,"879,95","80,00"
70235468,08/28/2012,"Lang, Davenport and Young","117,70","10,70"
85315696,07/19/2011,Spears-Martinez,"174,52","15,87"
56414170,12/17/2016,Espinoza Group,"295,55","26,87"
28608590,07/05/2013,Cervantes and Sons,"11021,86","1001,99"
51089508,12/30/2018,"Matthews, Taylor and Robinson","4254,39","386,76"
52301916,10/20/2014,Sullivan Ltd,"207,53","18,87"
97286997,07/07/2020,"Patton, Terry and Franco","222,30","20,21"
60050779,08/10/2020,Phillips-Bradford,"566,78","51,53"
19852419,12/11/2020,Sanders and Sons,"3139,95","285,45"
61637938,05/10/2014,"Jones, Robertson and Ramirez","533,02","48,46"
67113656,09/07/2015,"Murray, Mckinney and Hayes","4583,61","416,69"
29033172,05/03/2021,"Davis, Leon and Morgan","321,32","29,21"
54445950,05/15/2019,"Johnston, Crosby and Alexander","53550,75","4868,25"
59150399,10/13/2014,Silva Inc,"139,39","12,67"
57168813,10/01/2017,Oconnor Inc,"19,77","1,80"
17887323,02/09/2018,Smith Inc,"7098,43","645,31"
60907167,09/02/2013,Freeman-Taylor,"2015,04","183,19"
99749241,05/07/2017,Wilkinson Group,"35697,02","3245,18"
15700884,01/15/2021,Schultz Group,"43,96","4,00"
79709420,02/18/2018,"Santana, Lloyd and Cook","6645,73","604,16"
14875723,04/11/2014,Perkins LLC,"26591,16","2417,38"
68106191,07/05/2019,"Johnson, White and Lee","105,94","9,63"
58478169,07/04/2016,Wells-Avery,"12261,98","1114,73"
35989405,08/24/2016,"Scott, Clark and Gonzalez","6325,00","575,00"
69990274,07/21/2019,Salazar Inc,"434,42","39,49"
99530936,08/24/2019,Martinez PLC,"5536,20","503,29"
28688861,06/13/2012,"Walker, Rojas and Wells","2655,37","241,40"
67615206,05/01/2017,"Jimenez, Young and Carpenter","3714,50","337,68"
11187242,02/25/2020,Lee Ltd,"235,92","21,45"
38631441,02/08/2016,"Brooks, Thomas and Ho","3640,86","330,99"
20385371,11/08/2014,Smith-Hobbs,"1627,96","148,00"
99741629,10/12/2020,"Bean, Cunningham and Taylor","454,74","41,34"
90508672,04/16/2020,Shaw Group,"7052,49","641,14"
35850942,11/26/2015,Phillips LLC,"35342,91","3212,99"
93035437,07/23/2017,Matthews-Bautista,"44262,48","4023,86"
52998962,03/29/2020,Mccarty-Hoffman,"712,45","64,77"
22396736,03/09/2012,Smith LLC,"285,95","26,00"
87973938,11/19/2015,Harrison-Davis,"1393,63","126,69"
15259432,02/06/2016,"Ford, Myers and Walton","82,49","7,50"
47567823,03/23/2019,Thomas PLC,"87,07","7,92"
27485789,10/14/2013,"Lopez, Thompson and Thomas","705,92","64,17"
53181869,05/21/2020,Turner-Brown,"58523,19","5320,29"
98151772,09/30/2019,Wright-Lopez,"188,09","17,10"
48682438,03/01/2020,Cox Ltd,"71,06","6,46"
78873710,12/14/2015,"Barry, Patterson and Greer","41306,81","3755,16"
72310470,05/10/2019,Hartman-Cooley,"2376,00","216,00"
28294642,04/26/2018,Meyer-Ramirez,"27515,95","2501,45"
77029419,01/13/2020,"Mclaughlin, Meza and Wood","454,72","41,34"
24680775,03/28/2013,"Graham, Luna and Greene","61,51","5,59"
15523094,04/06/2018,"Ryan, Velasquez and Dunn","1966,71","178,79"
37481348,09/13/2014,"Johnson, Price and Lane","14030,36","1275,49"
34977445,12/04/2011,"Stanley, Cooper and Koch","15094,83","1372,26"
93799370,06/28/2016,Perry-Delgado,"522,61","47,51"
33587413,11/23/2018,"Edwards, King and Oliver","45653,41","4150,31"
39623428,11/23/2019,Smith-Ross,"59,00","5,36"
42266538,10/04/2019,Washington-Willis,"44,85","4,08"
57468195,12/25/2013,Adams-Campbell,"98,58","8,96"
88741818,08/17/2015,"Davis, Rodriguez and Williams","3386,35","307,85"
26925356,01/05/2017,"Freeman, Williams and Rodriguez","1237,74","112,52"
56731210,10/25/2011,Andrade and Sons,"665,43","60,49"
45325258,02/13/2012,Vasquez PLC,"1821,48","165,59"
15128200,03/28/2013,Dyer-Griffith,"57,20","5,20"
88072177,02/08/2019,Cruz-Clark,"194,56","17,69"
69816333,07/07/2014,"Huff, Colon and Lang","198,00","18,00"
29086575,07/08/2020,Randolph and Sons,"17124,42","1556,77"
20701368,02/02/2012,Marsh PLC,"1416,77","128,80"
52093915,08/29/2017,Cooper Group,"1722,39","156,58"
20813410,08/15/2015,"Deleon, Molina and Johnson","311,10","28,28"
59070830,11/25/2020,"Yang, Hicks and Thomas","716,43","65,13"
22765594,04/11/2018,"Hernandez, Lindsey and Anderson","397,29","36,12"
47990906,12/13/2015,Garcia-Thompson,"362,42","32,95"
61111603,08/08/2012,Mack-Jones,"306,44","27,86"
60795755,11/30/2011,Fritz Group,"29,48","2,68"
61026262,08/03/2013,"Wood, Williams and Lozano","2623,28","238,48"
97675851,05/25/2016,"Smith, Reynolds and Dunn","154,74","14,07"
83239748,08/14/2017,Clark Ltd,"22,00","2,00"
52060328,10/11/2019,"West, Cooper and Welch","177,10","16,10"
15005739,04/19/2012,Long Group,"63240,53","5749,14"
10299181,04/13/2020,Barber Inc,"2858,84","259,89"
77145709,01/18/2019,"Farley, Hayes and Cooper","913,45","83,04"
15715972,11/13/2012,"Wagner, Brown and Moore","7589,84","689,99"
78493177,09/01/2013,Stein PLC,"362,03","32,91"
72415673,10/29/2011,"Serrano, Willis and Ellison","61568,50","5597,14"
61769801,11/01/2018,"Smith, Martinez and Mitchell","280,50","25,50"
95537278,11/10/2019,Chavez-Wilcox,"694,90","63,17"
25784321,04/08/2021,"Chavez, Allison and Evans","5536,89","503,35"
56400315,04/23/2018,"Bailey, Dodson and Campbell","455,68","41,43"
25388424,12/31/2014,"Ryan, Carey and Gardner","461,26","41,93"
92321765,11/19/2016,Perry and Sons,"789,20","71,75"
21257968,03/06/2012,Smith Inc,"2807,08","255,19"
73074953,11/10/2015,Ferguson-Garcia,"34501,86","3136,53"
34218641,02/25/2017,Reynolds-Mccoy,"230,63","20,97"
92242080,02/18/2014,Lindsey Ltd,"133,23","12,11"
91287532,06/22/2016,Allen-Ward,"203,41","18,49"
77307465,08/12/2014,Moore and Sons,"189,99","17,27"
45767415,05/28/2015,"Douglas, Padilla and Hinton","118,73","10,79"
36526167,01/05/2013,"Mahoney, Bird and Gonzalez","148,19","13,47"
70722751,11/29/2018,Love Inc,"59,32","5,39"
51409570,12/29/2018,"Chase, Mullins and Donaldson","173,80","15,80"
96272374,05/22/2019,"Higgins, Alvarez and Berry","474,02","43,09"
61852578,07/05/2011,"Smith, Lyons and White","1055,99","96,00"
97154949,12/27/2015,"Barber, Arnold and Patton","1512,48","137,50"
76533932,10/29/2016,Houston-Ortiz,"126,23","11,48"
47156580,11/09/2011,Bailey Group,"131,98","12,00"
98919360,04/24/2021,"Wright, Yang and Riddle","192,50","17,50"
84476266,09/18/2017,Haney and Sons,"182,15","16,56"
42781500,01/19/2015,"Taylor, Keller and Nichols","53572,82","4870,26"
44318912,09/09/2017,Shaffer LLC,"6494,81","590,44"
96051364,04/28/2020,"Williams, Fowler and Phillips","157929,37","14357,22"
45483334,10/04/2019,Thornton-Henry,"227,96","20,72"
22488149,12/29/2020,"Strickland, Ferguson and Ellis","2953,35","268,49"
83917328,04/23/2015,"Weaver, Coleman and Wright","142,25","12,93"
65051504,07/15/2014,"Rodriguez, Myers and Robinson","8448,88","768,08"
66506031,05/05/2021,Hill-Dyer,"3003,09","273,01"
59506052,12/24/2018,Chang-Cruz,"5873,90","533,99"
38726684,01/01/2012,Smith-Jackson,"999,22","90,84"
74898182,10/24/2017,"Jennings, Hall and Mccoy","3899,74","354,52"
77545252,04/07/2017,Walton and Sons,"330,00","30,00"
67856369,05/27/2020,Cochran-Alvarez,"4952,82","450,26"
61067356,03/28/2012,King-Keller,"293,40","26,67"
35797032,10/06/2015,"Davis, Henderson and Nguyen","940,50","85,50"
71377614,05/25/2018,Carpenter-Morales,"70065,75","6369,61"
52661039,06/27/2017,Castro-Medina,"546,16","49,65"
57567230,02/20/2020,Benson and Sons,"1980,00","180,00"
83684211,06/19/2016,Johnson Inc,"101,07","9,19"
25681210,08/21/2016,Wilson-Gibson,"54704,84","4973,17"
43674884,04/22/2014,"Stokes, Cain and Fox","179,07","16,28"
82308284,04/23/2013,"Clay, Cook and Nichols","478,68","43,52"
99004300,09/17/2012,Davis and Sons,"7425,00","675,00"
86339764,07/29/2017,Hunter and Sons,"17820,00","1620,00"
64690034,09/06/2014,"Martinez, Ward and Martinez","8332,50","757,50"
75959628,12/01/2014,"White, Chase and Gonzalez","107,09","9,74"
67156751,07/31/2011,"Moreno, Montoya and Washington","270,64","24,60"
20290421,06/22/2011,"Ayers, Williams and Medina","317,24","28,84"
58303988,08/20/2016,Howard-Mueller,"39935,77","3630,52"
23777462,11/04/2016,"Zhang, Hobbs and Bean","228,44","20,77"
25988505,03/23/2015,Henderson-Stafford,"572,00","52,00"
25600767,10/07/2014,"Alexander, Williams and Walker","327,53","29,78"
91125915,01/28/2015,"Fields, Martin and Long","2347,30","213,39"
69934544,04/17/2014,Wolfe and Sons,"43,96","4,00"
35515944,08/28/2014,Brown Ltd,"1126,13","102,38"
12579622,03/09/2013,"Sanders, Terry and Johnston","4207,37","382,49"
74178352,09/03/2014,"Morgan, Moss and Bush","760,48","69,13"
75073339,04/24/2013,Stout LLC,"19709,80","1791,80"
16253735,09/28/2014,Grant PLC,"6214,89","564,99"
66666492,12/05/2017,Hurst LLC,"274,18","24,93"
64103969,11/28/2015,Le and Sons,"169,37","15,40"
77298183,08/23/2013,Ward-Day,"575,49","52,32"
93697303,03/20/2014,"Lewis, Morris and Stanley","768,51","69,86"
44273790,07/02/2013,Allen-Beard,"374,00","34,00"
36279024,08/18/2014,Werner-Castillo,"1255,17","114,11"
11844533,01/28/2013,Morse and Sons,"238,11","21,65"
11442355,01/31/2017,Williamson and Sons,"9,88","0,90"
72759914,05/22/2014,"Fisher, Gonzalez and Burgess","66614,44","6055,86"
78526775,03/25/2017,"Arnold, Holder and Armstrong","816,49","74,23"
93662534,01/11/2014,Bush and Sons,"391,59","35,60"
82200633,04/05/2019,Campbell PLC,"547,76","49,80"
80937887,04/27/2017,"Garrett, Vincent and Glass","14531,03","1321,00"
23152691,08/01/2015,Stout-Miller,"4783,70","434,88"
73381889,12/10/2016,Anderson-Bonilla,"222,18","20,20"
57443354,08/16/2013,"Thompson, Ray and Lawrence","2260,50","205,50"
25596256,10/14/2020,"Boyd, Davis and Mason","462,77","42,07"
33784215,03/24/2018,Martin and Sons,"62,46","5,68"
18309452,03/01/2016,Hunt-Hernandez,"8470,63","770,06"
49166171,02/21/2021,Davis-Jackson,"47,37","4,31"
17345626,09/26/2012,Hunt Group,"4268,89","388,08"
79426901,02/09/2015,"Morrison, Hernandez and Hayes","8134,09","739,46"
71433151,12/16/2020,Sanchez Ltd,"7986,35","726,03"
64770456,10/13/2011,"Boyer, Wilson and Ortiz","2349,03","213,55"
87519797,05/13/2013,Dawson Inc,"410,56","37,32"
31470773,03/05/2012,May Inc,"559,89","50,90"
18320628,10/08/2013,"Roberts, Levine and Chavez","396,00","36,00"
94588842,06/02/2011,"Khan, Moore and Peterson","1124,00","102,18"
84440315,08/21/2018,Johnson-Simmons,"2378,99","216,27"
15686725,03/11/2021,"Whitaker, Gray and Green","94435,43","8585,04"
77728243,07/10/2011,Pearson Inc,"1474,00","134,00"
65673716,12/24/2017,Shaffer-Craig,"8727,17","793,38"
76937754,07/22/2020,"Williams, Davis and Prince","3025,00","275,00"
49464905,07/21/2012,Macdonald-Hampton,"4651,38","422,85"
27344877,07/15/2019,Rivers-Williams,"480,36","43,67"
60038342,01/02/2018,"Gregory, Whitney and Smith","1473,67","133,97"
69490839,12/17/2016,Parks and Sons,"879,73","79,98"
64197871,11/24/2013,"Thomas, Cook and Douglas","919,52","83,59"
77596491,01/31/2021,Stephenson Inc,"24,95","2,27"
22083742,03/01/2014,Smith-Petersen,"7920,00","720,00"
34916768,11/03/2013,Bryan-Armstrong,"1308,37","118,94"
56418581,01/25/2013,"Cruz, Nichols and Fischer","43523,40","3956,67"
33145095,08/06/2020,Perez Inc,"167,16","15,20"
59612541,08/24/2016,Flynn-Walton,"21089,90","1917,26"
42461657,02/15/2021,Mckenzie-Rice,"237,36","21,58"
30955348,02/08/2014,Kaufman-Hopkins,"5256,04","477,82"
96609211,03/16/2013,Love Inc,"271,12","24,65"
89305462,08/23/2015,Williams and Sons,"538,67","48,97"
26120082,12/29/2012,Kelly-Franklin,"471,35","42,85"
61965030,10/11/2016,Daniels-Farrell,"37,55","3,41"
91327263,08/30/2012,Wilson Group,"1704,60","154,96"
61942465,08/27/2012,"Williams, Kelley and Watts","44,00","4,00"
94623559,10/08/2012,"Jackson, Ellis and Martinez","280,50","25,50"
93559969,11/14/2017,Ashley-Cook,"175,94","15,99"
50047409,08/05/2014,Brown and Sons,"42402,27","3854,75"
90118586,08/21/2017,Taylor and Sons,"301,54","27,41"
42981942,09/21/2013,Jones Inc,"16,50","1,50"
89559338,05/16/2012,Arroyo-Fletcher,"3002,98","273,00"
21686737,03/19/2014,Brooks PLC,"538,00","48,91"
14878236,04/26/2015,Turner-Green,"568,49","51,68"
33907816,02/11/2013,Bryant LLC,"23917,86","2174,35"
48223084,12/05/2018,Gregory Inc,"335,17","30,47"
87388122,10/07/2018,Tapia Inc,"777,14","70,65"
17794459,10/28/2020,Melendez-Rogers,"29543,09","2685,74"
54011206,01/27/2020,Harris-Mejia,"2766,45","251,50"
24119502,07/14/2019,Reeves-Holder,"329,91","29,99"
83505253,05/19/2014,"Cooper, Cox and Hernandez","411,18","37,38"
14037981,04/13/2021,"Berg, Lang and Maynard","555,37","50,49"
94695871,09/05/2020,Mccarty-Carroll,"4356,00","396,00"
62788012,03/12/2013,"Anderson, Webb and Perkins","219,89","19,99"
35806662,01/27/2021,Matthews-Rodriguez,"3057,69","277,97"
72481334,08/18/2013,"Fleming, Hopkins and Ward","1330,97","121,00"
75658283,07/07/2017,"Robinson, Stephens and Bennett","74,76","6,80"
47433391,11/23/2018,Dawson LLC,"428,83","38,98"
83237973,05/03/2018,Watson-Hartman,"81,33","7,39"
40122783,12/03/2019,Contreras-Gray,"142,02","12,91"
91059347,12/03/2019,Simpson-Pitts,"205,81","18,71"
98605220,03/17/2016,Matthews-Roman,"166,91","15,17"
34630909,09/14/2011,Green and Sons,"306,51","27,86"
70922221,05/30/2021,Miller LLC,"42900,00","3900,00"
84077104,09/01/2013,Johnson LLC,"115,68","10,52"
58031199,11/11/2017,Bates LLC,"8389,96","762,72"
28768109,08/24/2015,Harris-Harrell,"58,07","5,28"
73316184,01/22/2018,Shaffer-Levy,"251,28","22,84"
48385116,12/05/2012,"Alexander, Gardner and Clark","2755,40","250,49"
19898218,06/15/2014,Sosa LLC,"26,38","2,40"
46939079,04/26/2018,"Clark, Greene and Lewis","42,68","3,88"
62261351,02/06/2012,Calhoun Ltd,"43,98","4,00"
59781795,01/12/2017,"Bender, Burgess and King","197,96","18,00"
64678621,09/06/2014,Becker Group,"130,84","11,89"
66443782,08/21/2011,Rivera Group,"9767,56","887,96"
53065226,12/23/2016,"Brown, Wilson and Robertson","58507,00","5318,82"
70699664,10/28/2017,"Hess, Douglas and Blackburn","2553,02","232,09"
35451351,06/28/2014,Smith LLC,"646,80","58,80"
97190733,02/11/2013,Hampton-Singh,"307,89","27,99"
84777898,06/02/2017,Palmer LLC,"314,62","28,60"
96503490,03/06/2013,Schneider Ltd,"16179,90","1470,90"
45687667,12/21/2013,Phillips PLC,"13615,89","1237,81"
86447617,01/11/2020,Harris Group,"2823,64","256,69"
57037406,09/06/2015,Vargas Inc,"4729,96","430,00"
94041746,10/16/2011,Rogers PLC,"631,31","57,39"
87428284,06/17/2015,"Meza, Harrison and Campbell","21,52","1,96"
11324589,01/02/2019,Chavez-Morales,"11032,05","1002,91"
75299595,06/03/2011,Jackson Group,"272,65","24,79"
49455197,10/25/2013,Ward PLC,"2463,78","223,98"
79493856,08/08/2012,Wilson Inc,"197,99","18,00"
57338979,05/10/2021,Santana-Sherman,"15089,59","1371,78"
14287592,03/05/2021,Compton-Brown,"149105,43","13555,04"
41942687,09/01/2016,Armstrong-Mitchell,"282,59","25,69"
15855229,03/30/2014,Hawkins-Lopez,"5823,92","529,45"
56479895,08/10/2019,Flores LLC,"493,83","44,89"
52513212,03/20/2017,"Martinez, Logan and Peterson","835,99","76,00"
53766818,05/20/2019,"Daniels, Jensen and Hernandez","287,28","26,12"
54394190,02/23/2021,Allen Inc,"3695,93","335,99"
17945506,08/24/2019,Garcia PLC,"147,13","13,38"
15801054,09/08/2015,"Byrd, Harper and Maddox","270,94","24,63"
29113910,11/19/2019,"Hurst, Reed and Wright","386,11","35,10"
91451938,10/27/2018,Lee LLC,"1319,96","120,00"
69087856,02/20/2020,James PLC,"29726,40","2702,40"
76702963,10/22/2012,White-Daniel,"365,20","33,20"
56576694,11/11/2017,Brown-Schmitt,"26,75","2,43"
27709823,12/11/2012,"Williams, Haley and Ellis","797,23","72,48"
84231664,04/26/2012,"Mills, Stephenson and Watkins","3340,78","303,71"
30126821,11/27/2014,Holt-Snow,"5322,08","483,83"
88208084,05/16/2020,"Brown, Preston and Wilson","75351,02","6850,09"
51385584,11/08/2012,"Garcia, Navarro and Rocha","2804,66","254,97"
85265380,05/14/2013,Hebert Ltd,"833,70","75,79"
89681299,12/28/2014,Stone-Gentry,"39,60","3,60"
46916101,04/28/2013,"Ballard, Wang and Keller","2800,03","254,55"
17545286,03/23/2012,Obrien Group,"39000,60","3545,51"
91394927,09/04/2018,Burke-Reynolds,"20601,20","1872,84"
54795998,04/24/2012,"Duarte, Grant and Moran","83,89","7,63"
50343017,09/07/2020,Christian-Krueger,"176,00","16,00"
62481750,04/03/2014,"Pittman, Zhang and Peterson","661,64","60,15"
75131164,06/13/2020,"Barrera, Merritt and Rodriguez","691,06","62,82"
64713590,03/02/2017,Larson-Hill,"1129,04","102,64"
27278750,08/04/2015,"Russell, May and Olson","400,40","36,40"
26307902,10/05/2015,"Johnson, Harvey and Richardson","104,06","9,46"
97833274,09/03/2014,"Wilcox, Turner and Porter","440,00","40,00"
91134042,02/12/2013,York-Crawford,"102,30","9,30"
45286327,07/21/2015,"Rosales, Anderson and Salazar","442,93","40,27"
63395419,06/20/2015,Walter-Walters,"6935,91","630,54"
56987614,07/03/2019,Wright-Lee,"296,02","26,91"
81972673,08/13/2014,Baxter-Gonzalez,"428,35","38,94"
96958424,09/14/2012,"Sandoval, Rosales and Young","659,98","60,00"
77404624,10/20/2014,"Sheppard, Guerrero and Castillo","9556,58","868,78"
65128151,07/18/2014,"Rogers, Floyd and Smith","75,57","6,87"
66525750,02/19/2016,Gonzales Ltd,"35563,37","3233,03"
56379795,10/06/2019,Lee-Howell,"188,31","17,12"
35603644,04/09/2013,Bailey-Young,"57,16","5,20"
57905164,06/06/2012,Edwards-Leonard,"295,67","26,88"
39400829,01/12/2012,"Reynolds, Gonzales and Meyer","7096,28","645,12"
65643191,07/31/2020,Johnson-Alvarez,"61,42","5,58"
23285582,12/19/2015,Good PLC,"38086,73","3462,43"
24308198,06/08/2011,"Simmons, Simmons and Nguyen","5701,08","518,28"
77833987,05/20/2013,Houston Group,"129,53","11,78"
22862792,04/19/2013,"Coleman, Casey and Austin","34397,78","3127,07"
16273983,04/01/2017,"Reyes, Holloway and Lee","819,06","74,46"
89969473,10/29/2016,Johnson-Martin,"797,91","72,54"
72128555,12/25/2013,Duncan-Davis,"732,34","66,58"
11580833,11/24/2019,Tapia LLC,"5138,35","467,12"
74589240,12/08/2013,Hall-Boyd,"12973,88","1179,44"
81978187,01/17/2013,Johnson Ltd,"124,79","11,34"
99314100,06/25/2014,"Collins, Barrett and Schroeder","6573,33","597,58"
68688408,03/20/2016,"Dennis, Levy and Bowen","91,27","8,30"
13407985,11/22/2013,Mccormick and Sons,"5459,75","496,34"
57986024,10/17/2015,Allen PLC,"237,29","21,57"
46506594,03/12/2012,Castaneda LLC,"1469,45","133,59"
44456646,03/21/2015,"Delacruz, Hinton and Mckinney","316,10","28,74"
98858130,01/28/2021,"Rodriguez, Hall and Tanner","442,07","40,19"
36187296,01/05/2017,"Lopez, Murray and Johnston","518,80","47,16"
53551787,08/12/2019,Schneider Inc,"573,61","52,15"
65809258,10/03/2014,Lyons and Sons,"51631,28","4693,75"
56908352,01/11/2015,"Evans, Curtis and Salinas","188,11","17,10"
15001300,02/18/2014,"Kerr, Ryan and Gomez","327,08","29,73"
96430839,01/13/2019,"Bennett, Chavez and Vazquez","4958,16","450,74"
37877758,07/02/2014,"Jordan, Jones and Rodriguez","47320,32","4301,85"
33102457,09/18/2018,"Pierce, Bush and Jones","18281,24","1661,93"
65028137,01/03/2014,Townsend-Mitchell,"98,95","9,00"
51295021,01/05/2017,Martinez-English,"9256,59","841,51"
44848471,03/26/2021,"Roth, Morris and Schultz","838,68","76,24"
32830026,12/20/2014,"George, Casey and Harris","1140,24","103,66"
54661411,07/29/2020,Powell-Floyd,"7920,58","720,05"
58379529,05/31/2011,Tanner Inc,"2934,70","266,79"
20434959,12/20/2011,"Holloway, Stanton and Dunn","29,67","2,70"
10942693,06/13/2018,Lopez-Garcia,"21151,66","1922,88"
97388190,12/13/2016,Pierce Inc,"329,84","29,99"
60456703,09/01/2016,Brown Ltd,"373,98","34,00"
78605417,08/07/2017,Campos LLC,"722,11","65,65"
61669642,11/12/2013,"Torres, Sutton and Weeks","151,38","13,76"
37060863,01/30/2021,Floyd-Figueroa,"2022,82","183,89"
35593328,06/08/2011,Alexander-Arias,"3004,96","273,18"
74980573,09/27/2015,Zimmerman and Sons,"191,26","17,39"
71999960,10/13/2017,Chapman Group,"1907,68","173,43"
19608758,06/25/2016,"Adams, Vaughn and Hebert","13423,40","1220,31"
69875170,07/18/2014,Romero Inc,"194521,70","17683,79"
86736203,05/20/2013,Salinas Ltd,"15574,11","1415,83"
37107781,07/29/2012,Lee-Burnett,"2804,92","254,99"
12323459,08/04/2013,Moore-Scott,"81,68","7,43"
34967709,01/16/2018,Bryant-Wall,"549,98","50,00"
76778037,03/15/2021,Smith and Sons,"759,03","69,00"
96947403,10/09/2011,Cruz LLC,"529,78","48,16"
26700559,01/11/2018,Harrison and Sons,"342,87","31,17"
53553822,07/24/2012,"Bass, Kelly and Barnes","25738,94","2339,90"
12590251,01/17/2016,Logan-Rodriguez,"2237,95","203,45"
36033621,04/18/2017,Mitchell and Sons,"243,71","22,16"
32283117,11/05/2015,Diaz and Sons,"73,76","6,71"
69703455,02/06/2014,Anderson Group,"4007,31","364,30"
17290430,05/27/2013,Hodge-Stokes,"14832,92","1348,45"
13367493,02/21/2012,"Terry, Crawford and Vega","494,89","44,99"
89299747,04/14/2018,"Jones, Davis and Moses","389,00","35,36"
93219493,05/16/2019,Bryant-Taylor,"1255,00","114,09"
80273553,11/26/2012,"Gray, Conway and Burke","32,83","2,98"
99106655,06/12/2017,Thomas-Vazquez,"5743,69","522,15"
60665075,01/15/2018,"Jennings, Baldwin and Collins","84314,78","7664,98"
91817064,12/26/2016,"Walton, Smith and Vasquez","28,53","2,59"
74576933,02/20/2018,Torres Ltd,"721,73","65,61"
18975369,05/26/2021,Parker-Fowler,"154,00","14,00"
16773532,04/30/2020,"Wheeler, Lopez and Watts","5411,82","491,98"
25194747,05/19/2018,Preston-Webster,"152,87","13,90"
77668740,01/02/2016,"Hopkins, Gonzales and Mccarthy","2,19","0,20"
94166183,08/24/2019,Simmons Inc,"21,56","1,96"
55149610,02/23/2012,Parker-Williams,"2779,70","252,70"
48190115,02/15/2013,Medina-Robinson,"1250,75","113,70"
45234802,09/06/2013,Richards-Lester,"1731,35","157,40"
72929361,06/29/2020,Hobbs-Stevens,"324,50","29,50"
58051696,11/05/2019,"Palmer, Chan and Salazar","53,96","4,91"
98852451,09/02/2019,"Patterson, Pierce and Fuentes","4151,23","377,38"
72024579,01/25/2021,"Fernandez, Allison and Rodriguez","179,75","16,34"
32530472,08/27/2015,Williams-Lucero,"187,00","17,00"
22132714,05/08/2020,Jordan-Cohen,"5295,73","481,43"
61874671,07/26/2018,Garcia-Jones,"312,93","28,45"
32357396,04/19/2020,Becker LLC,"62778,56","5707,14"
15288019,09/07/2014,Wilson-Wilson,"1,71","0,16"
31293737,12/15/2020,Alvarez Inc,"408,66","37,15"
69556867,02/14/2017,Harding Inc,"1190,54","108,23"
69062791,02/16/2021,Parker-Lam,"2322,84","211,17"
43066287,12/03/2011,Lewis-Meyer,"348,18","31,65"
56967329,05/18/2013,Archer-Harper,"154,70","14,06"
62256280,11/08/2020,Cook-Smith,"2970,00","270,00"
25687531,01/10/2012,"Jones, Andrade and Roth","1237,50","112,50"
87734908,12/19/2019,"Buckley, Wright and Chase","6,58","0,60"
10060256,12/22/2013,Kim-Davenport,"500,24","45,48"
40259650,06/08/2019,Mills Inc,"154,10","14,01"
25532811,07/07/2016,"Terry, Lindsey and Fox","3541,78","321,98"
41884162,12/21/2016,Christian-Taylor,"32,83","2,98"
57696752,10/03/2017,"Rodriguez, Grant and Green","2235,20","203,20"
49360354,05/03/2017,"Yu, Williams and Barry","394,19","35,84"
61479635,07/02/2018,"Green, Kelly and Matthews","32,95","3,00"
70184923,08/15/2020,"Holland, Bell and Jackson","398,72","36,25"
94786467,11/19/2013,Campbell-Thomas,"8479,08","770,83"
24342647,05/07/2020,Stephens-Goodman,"4524,28","411,30"
62801471,10/15/2013,Ramirez-Tran,"4675,00","425,00"
76229289,12/04/2018,Lucero-Brown,"5664,90","514,99"
38173030,12/17/2018,"Smith, Hebert and Smith","6208,38","564,40"
92395596,10/03/2011,Young Inc,"2,19","0,20"
73459321,11/19/2013,"Manning, Parker and Fleming","495,30","45,03"
22393723,05/22/2018,Brown-Taylor,"235,79","21,44"
72761554,11/12/2014,"Johnson, Smith and Adkins","5439,26","494,48"
60605668,09/27/2017,Henderson and Sons,"6097,29","554,30"
90188228,03/28/2016,Lozano-Lindsey,"353,66","32,15"
57290992,10/03/2011,"Johnson, Daniels and Ramirez","70577,35","6416,12"
98788913,11/15/2014,Ball and Sons,"465,17","42,29"
16021510,12/21/2014,Flowers-Medina,"342,03","31,09"
54299574,11/20/2013,Ortega-Ramos,"33847,07","3077,01"
40700258,12/27/2013,"Schmidt, Brooks and Petersen","514,02","46,73"
20012449,04/22/2013,Combs Inc,"360,58","32,78"
26622011,01/08/2020,Bird-Mccormick,"986,70","89,70"
91296589,09/04/2019,King Inc,"1669,75","151,80"
33270121,10/03/2019,"Francis, Baker and Nunez","10,94","0,99"
85238418,05/03/2012,Burgess Ltd,"178,83","16,26"
94772624,03/01/2015,"Goodman, Rogers and Williams","55,00","5,00"
84752922,10/16/2013,Hernandez and Sons,"1028,39","93,49"
93053660,10/09/2014,Barnes LLC,"375,04","34,09"
68766191,09/26/2012,Ellison-Simpson,"3717,66","337,97"
59090855,04/03/2019,Kelly LLC,"1547,21","140,66"
28248186,06/03/2018,Barton-Higgins,"4355,81","395,98"
72869097,03/23/2021,Johnson-Jacobson,"701,72","63,79"
33035917,11/26/2017,Hodge Inc,"9908,95","900,81"
83642064,10/17/2020,Burns-Watts,"791,96","72,00"
22956460,06/26/2019,"Wright, Aguirre and Harper","2617,93","237,99"
47037480,09/03/2012,Ruiz-Cowan,"8621,78","783,80"
13891625,10/14/2017,"Chang, Moore and Faulkner","7737,70","703,43"
96569585,04/17/2020,Meadows-Young,"274,42","24,95"
60022910,03/21/2018,Robinson-Osborne,"19,77","1,80"
73144550,01/31/2012,Rodriguez-Sherman,"63,32","5,76"
41250328,08/25/2017,George-Johnson,"891,00","81,00"
88351693,09/01/2014,Taylor-Moore,"451,00","41,00"
65345089,12/24/2020,Whitaker-Kelly,"1535,07","139,55"
10737107,07/20/2012,Harrison LLC,"66,99","6,09"
57416834,10/14/2020,Mcbride-Romero,"74294,55","6754,05"
86164702,05/15/2020,"Hernandez, Wright and Pena","714,95","65,00"
53221040,12/26/2014,Mathews-Harrison,"3454,44","314,04"
36051373,04/07/2015,"Cervantes, Carpenter and Morse","10818,95","983,54"
87454899,01/18/2014,Flores and Sons,"274,95","25,00"
77169807,05/13/2018,Williams Group,"44,00","4,00"
61782695,05/15/2017,"Anderson, Brown and Thompson","73824,49","6711,32"
38510682,09/05/2011,Sanchez Inc,"743,58","67,60"
61527431,08/24/2016,"Gilbert, Guerrero and Johnson","10319,10","938,10"
83091868,05/17/2016,"Jones, Frazier and Banks","5550,52","504,59"
44337721,05/02/2017,"Dorsey, Gomez and Chen","406,23","36,93"
73783721,10/22/2011,Moore-Banks,"43,95","4,00"
52701374,06/29/2018,"Sheppard, Snyder and Solomon","104,97","9,54"
61809225,10/24/2015,Garcia Ltd,"17740,25","1612,75"
79990560,05/09/2016,Sosa-Jackson,"415,73","37,79"
91781923,03/09/2013,Lopez PLC,"6198,39","563,49"
49900465,12/23/2014,"Green, Benson and Clark","205,21","18,66"
33299774,10/24/2015,Dennis LLC,"1721,01","156,46"
50027163,02/24/2012,"Hill, Cortez and Hays","10865,23","987,75"
24826419,08/12/2018,Vincent-Crawford,"16,45","1,50"
92059706,04/28/2017,"Barton, Decker and Ferguson","3838,87","348,99"
36268429,12/09/2013,"Kennedy, Murphy and Park","3069,77","279,07"
30885203,03/28/2020,Mays and Sons,"355,07","32,28"
49848653,05/15/2018,"Chapman, Baker and Allison","161,94","14,72"
44910862,03/19/2017,Everett Group,"255,38","23,22"
85930211,08/02/2012,Jackson Group,"24038,28","2185,30"
62472177,11/27/2018,Anderson-Scott,"81508,24","7409,84"
71490900,11/01/2013,Williams LLC,"1704,45","154,95"
57770024,12/12/2020,Lopez LLC,"8820,75","801,89"
41290662,08/31/2014,"Steele, Trujillo and Becker","386,05","35,10"
60991397,02/25/2021,"Gomez, Hall and Boyd","281,25","25,57"
28488969,01/04/2019,Maldonado-Berger,"113933,41","10358,04"
96382825,05/03/2018,Howard Ltd,"17672,06","1606,55"
29864689,04/09/2021,Russell LLC,"15628,53","1420,78"
69167020,10/03/2020,Gibson PLC,"1151,79","104,71"
53543863,07/09/2020,Mclean-Chaney,"1802,53","163,87"
68800500,07/14/2013,"Scott, Long and Smith","538,73","48,98"
68378638,10/11/2018,Lewis-Moyer,"698,89","63,54"
17599610,10/11/2013,"Nash, Benitez and Johnston","36,33","3,30"
34855339,03/09/2020,Reyes-Sampson,"95,22","8,66"
15318030,05/10/2012,"Mosley, Ortega and Lynch","2511,20","228,29"
20591219,01/12/2019,Black-Jackson,"771,01","70,09"
57168941,10/19/2020,Brown Ltd,"1620,38","147,31"
94959966,03/14/2013,"Underwood, Ryan and Kelley","171,24","15,57"
68350338,04/25/2012,"Chapman, Scott and Jennings","9053,23","823,02"
31045620,05/03/2021,Cox LLC,"2039,84","185,44"
87695069,06/28/2014,"Ballard, Hale and Humphrey","210,86","19,17"
70231143,10/29/2012,Gibson-Prince,"15937,63","1448,88"
43494216,10/31/2015,Lopez Ltd,"5375,57","488,69"
39912751,12/27/2018,"Kennedy, Johnson and Evans","56295,35","5117,76"
44195807,07/09/2014,Weaver-Russell,"19,22","1,75"
49153414,03/25/2019,Ingram-Mcclain,"51998,08","4727,10"
90042261,05/29/2012,"Garcia, Bates and Romero","726,52","66,05"
92554836,05/09/2016,"Hawkins, Gomez and Moon","74,80","6,80"
89790497,10/02/2020,Rodriguez-Morgan,"127,31","11,57"
71439588,02/08/2021,Bailey-Adams,"241,95","22,00"
78321725,06/21/2015,Ross-Fernandez,"150,19","13,65"
12198664,03/29/2014,Burnett-Roy,"515,83","46,89"
81384146,01/24/2015,"Long, Craig and Ford","356,68","32,43"
89876179,04/14/2014,Leonard LLC,"237,60","21,60"
47486295,05/24/2021,Curtis-Wiggins,"907,40","82,49"
72591450,05/13/2012,"Allen, Murray and Carroll","5283,18","480,29"
31447231,06/18/2017,English-Sanchez,"8357,28","759,75"
49593532,10/01/2013,Lee Group,"5900,59","536,42"
11460594,04/09/2016,Reyes-Ellis,"638,57","58,05"
50846623,01/30/2016,Browning Ltd,"120,99","11,00"
99935945,03/19/2014,Myers PLC,"1349,08","122,64"
68094256,02/18/2016,Briggs Inc,"3221,63","292,88"
63959029,09/29/2020,Arroyo-Cobb,"47600,71","4327,34"
36854240,02/12/2016,Martinez Inc,"396,00","36,00"
42760323,09/23/2020,"Patterson, Garza and Adkins","27862,96","2533,00"
67117171,01/27/2021,Phillips-Moreno,"172,22","15,66"
74467550,04/04/2017,"Johnson, Brown and Chapman","9,00","0,82"
18001647,03/21/2013,Boyle-Bowman,"39,51","3,59"
82017885,01/20/2012,"Webb, Bradshaw and Keller","1023,94","93,09"
82786776,09/26/2018,Brown Ltd,"162,72","14,79"
68899128,10/15/2013,Dominguez LLC,"1159,39","105,40"
44649974,11/27/2012,Lopez and Sons,"3187,64","289,79"
57475368,06/19/2020,"Warren, Campbell and Cohen","1473,80","133,98"
47725399,05/14/2013,"Pope, Yang and Farley","3262,02","296,55"
95163776,07/10/2016,Ellis Group,"731,23","66,48"
28428192,07/16/2015,"Mills, Campos and Freeman","6425,37","584,12"
80489404,12/21/2013,Nelson PLC,"470,92","42,81"
12459784,08/19/2020,"Smith, Johnson and Ramsey","162,79","14,80"
40703416,12/27/2015,"Vazquez, Thomas and Pugh","427,15","38,83"
24327499,11/28/2017,Johnson-Rodriguez,"19208,48","1746,23"
22883270,06/20/2018,Jordan LLC,"5493,34","499,39"
41888239,08/11/2018,Snyder-Singleton,"6594,14","599,47"
46920651,11/15/2015,"Clark, Brown and Jones","425,26","38,66"
30231187,07/22/2011,Sanchez-Wilson,"142,90","12,99"
23882917,03/29/2014,"Lopez, Beard and James","178,16","16,20"
43437889,12/06/2019,Gallagher LLC,"5371,27","488,30"
97781335,12/21/2018,"Poole, Hood and Landry","88976,98","8088,82"
39510474,08/24/2018,Bailey Ltd,"47,28","4,30"
90418276,09/06/2016,"Ramirez, Riggs and Rosario","8405,45","764,13"
42321277,03/04/2015,Ewing-Young,"846,90","76,99"
83876203,03/29/2019,"Rodriguez, Davis and Lee","280,32","25,48"
26413291,01/17/2019,"Mejia, Lopez and Jones","78,58","7,14"
92354720,07/05/2018,Randolph Inc,"565,00","51,36"
87588849,07/05/2016,West-Byrd,"486,60","44,24"
23993628,05/29/2012,Contreras-Torres,"125,23","11,38"
90834323,07/27/2011,"Burgess, Hoover and Ho","47,77","4,34"
13187294,10/08/2013,Lopez Group,"111,00","10,09"
67300087,03/16/2018,Barrett-Harris,"22409,38","2037,22"
13886485,11/24/2013,Mitchell LLC,"46215,06","4201,37"
35992997,02/01/2017,Clark-Herring,"37016,78","3365,16"
87958388,04/11/2016,Jackson-Cardenas,"5101,77","463,80"
30933703,03/08/2019,"Villa, Davis and Middleton","45,05","4,10"
87655538,12/16/2018,"Roth, Key and Hubbard","853,56","77,60"
51300355,03/28/2012,King-Johnson,"570,82","51,89"
98396639,02/27/2012,Crawford PLC,"18614,34","1692,21"
51594396,12/10/2016,Duffy-Lawrence,"5553,00","504,82"
48765740,06/22/2017,Bowman-Davis,"631,99","57,45"
95825613,04/15/2017,Johnson Ltd,"51823,31","4711,21"
76724637,07/10/2017,"Harrell, Johnson and Thompson","418,84","38,08"
54329016,01/18/2012,Davis-Greene,"1022,88","92,99"
50405163,04/16/2020,Navarro Inc,"3065,64","278,69"
13026595,01/26/2017,Thompson-Wright,"7269,80","660,89"
72196558,05/06/2013,Bell-Newman,"126,90","11,54"
18212068,06/10/2014,Johns LLC,"7265,46","660,50"
37959814,07/12/2013,Hopkins-Moreno,"7285,98","662,36"
83842319,05/12/2014,Mcdonald Inc,"60,45","5,50"
58715920,01/05/2015,Adams-Kelly,"19189,78","1744,53"
15691351,05/10/2015,Haynes-Robles,"19347,41","1758,86"
87301946,02/23/2012,"Baker, Meyers and Diaz","9091,20","826,47"
25844703,07/09/2013,Steele PLC,"158490,25","14408,20"
94067363,03/21/2017,Vazquez-Tucker,"148,44","13,49"
52316398,06/03/2012,English Inc,"11633,66","1057,61"
60416276,04/01/2016,Juarez PLC,"600,15","54,56"
50712639,01/10/2021,Harris-Barrera,"208,50","18,95"
41893391,08/08/2015,"Charles, Vazquez and Fernandez","1438,21","130,75"
20369343,02/19/2021,Rhodes-Wright,"35,18","3,20"
37995856,06/05/2017,Turner-Lee,"87,98","8,00"
45279263,02/18/2013,"Sanchez, Watson and Turner","25,15","2,29"
12492197,07/05/2020,Evans-Martin,"1324,32","120,39"
61231490,03/06/2012,Escobar-Johnson,"181,34","16,49"
32177071,04/12/2017,Nelson Inc,"103,92","9,45"
77522687,05/14/2019,Powers LLC,"47502,39","4318,40"
52786363,06/11/2011,Villanueva-Gonzalez,"25,50","2,32"
40046347,07/28/2011,"Schneider, Carr and Vazquez","130,83","11,89"
33085665,11/07/2011,Mcclain PLC,"1023,94","93,09"
29075921,05/24/2021,May LLC,"21467,33","1951,58"
92564069,09/14/2018,Holland PLC,"2,18","0,20"
98914713,01/13/2012,Mathews Group,"395,08","35,92"
93128666,06/17/2020,Cardenas-Young,"64,32","5,85"
67743685,01/24/2018,"Cooper, Wilson and Tran","247,84","22,53"
74221189,10/26/2015,Caldwell-Jordan,"262,77","23,89"
27166082,09/29/2020,"Jones, Anderson and Santana","15803,26","1436,66"
91851148,11/08/2015,Ryan-Harrison,"760,10","69,10"
27006132,09/18/2017,"White, Hayes and Blackwell","5289,89","480,90"
83299043,06/24/2019,Joseph and Sons,"3129,42","284,49"
59977720,06/16/2020,"Long, Nguyen and Anderson","331,78","30,16"
65863078,03/16/2017,Mcmahon-Shelton,"1843,40","167,58"
32762320,12/04/2016,Santos PLC,"129,60","11,78"
43292704,06/20/2015,Stewart-Moyer,"107680,75","9789,16"
17945455,04/08/2018,David Ltd,"25561,57","2323,78"
74330913,10/22/2017,White-Jackson,"3772,52","342,96"
65123866,11/20/2012,Garcia-Perkins,"913,65","83,06"
27405523,03/24/2018,"Case, Mccarthy and Dean","120,62","10,97"
25210895,05/14/2019,Watson-Blanchard,"89,06","8,10"
64994538,03/12/2017,Stanley-Green,"30210,16","2746,38"
90290650,04/24/2018,"Walker, Patterson and Evans","2843,46","258,50"
37598290,09/04/2016,"Kent, Russell and Dixon","3255,91","295,99"
68963398,01/16/2017,Trevino-Sanders,"99,88","9,08"
63028625,02/19/2019,Barker LLC,"2298,90","208,99"
77980602,05/07/2017,Hoffman-Foley,"314,27","28,57"
48131301,11/05/2019,"Berry, Strickland and Lawson","2194,50","199,50"
68456767,07/25/2020,Parker-Ortiz,"24,70","2,25"
94006791,09/10/2012,"Holland, Griffin and Coleman","841,44","76,49"
80871648,02/18/2013,Wilson-Martinez,"200,40","18,22"
46460686,12/23/2017,"Barnes, Parks and Jenkins","18471,60","1679,24"
51335214,03/27/2015,"Malone, Wilson and Carson","204,27","18,57"
64855498,08/01/2019,Thompson Ltd,"1,09","0,10"
67973203,09/03/2012,Rodriguez Group,"350,24","31,84"
55623924,03/13/2015,Lopez Inc,"5213,90","473,99"
63279232,04/24/2017,Jones-Black,"328,20","29,84"
36433509,03/29/2021,"Miller, Myers and Bean","12,76","1,16"
90853270,03/04/2013,Anderson LLC,"989,67","89,97"
67103708,01/20/2020,Hernandez Group,"43,96","4,00"
22809328,12/27/2011,Pope-Garcia,"2332,83","212,08"
15883673,05/20/2012,"Raymond, Bennett and Franklin","176,00","16,00"
76098038,08/20/2012,Hinton LLC,"169,25","15,39"
24206086,05/24/2012,Weber-Roy,"8,80","0,80"
22019496,03/14/2012,Barron-Rodriguez,"162,33","14,76"
31838082,10/19/2013,"Lewis, Hansen and Martin","191,76","17,43"
76619276,11/16/2011,Morgan Ltd,"343,87","31,26"
37066060,05/07/2019,Nixon Ltd,"1759,88","159,99"
94027975,07/22/2014,Taylor-Levy,"87,96","8,00"
73164326,07/13/2012,"Meyer, Horne and Hartman","8377,33","761,58"
14845988,10/25/2017,Porter-Martinez,"1656,47","150,59"
25078556,01/09/2015,Lambert PLC,"1330,04","120,91"
44909511,02/14/2015,Burns Ltd,"910,88","82,81"
29378439,09/16/2011,"Robinson, Brown and Oliver","391,12","35,56"
33965841,11/27/2017,"Hanson, Mathews and Brown","228,10","20,74"
19579298,02/02/2018,Merritt-Gallagher,"23988,86","2180,81"
38710038,07/27/2013,"Miller, Baldwin and Nichols","5989,26","544,48"
44534369,07/05/2017,Burns-Hammond,"11880,00","1080,00"
26889356,07/21/2011,"Rivera, Santiago and Brown","122,12","11,10"
89959314,09/01/2012,Robinson Group,"1740,04","158,19"
74427960,04/03/2014,"Wright, Beasley and Berry","880,89","80,08"
83155269,10/27/2020,"Powell, Norman and Parsons","324,50","29,50"
20237936,11/08/2020,Jackson PLC,"428,90","38,99"
85163803,04/23/2014,"Collins, Moody and Green","13111,43","1191,95"
72120624,06/02/2011,Alexander-Roberts,"27,45","2,50"
66389180,07/30/2016,Murphy LLC,"291,92","26,54"
54212825,05/01/2015,Chapman-Long,"551,54","50,14"
32075407,04/16/2017,"Stephens, Thompson and Cooper","4190,95","381,00"
60552183,02/01/2020,Campbell Group,"39974,41","3634,04"
50840230,04/27/2017,"Parker, Hood and Harvey","593,20","53,93"
12408005,08/08/2019,"Shepard, Garcia and Summers","186,96","17,00"
58269935,11/12/2017,Stephens LLC,"457,91","41,63"
38086377,04/22/2018,Martinez-Casey,"415,69","37,79"
24417396,03/02/2012,Adkins Inc,"3153,58","286,69"
35712927,05/02/2018,"Cook, Duncan and Martin","833,12","75,74"
26660573,03/08/2014,Sparks-Burton,"155,98","14,18"
35163496,10/28/2019,"Mcpherson, Stark and Rodriguez","792,10","72,01"
14165207,02/13/2014,"Adkins, Hodges and Hawkins","97,76","8,89"
37984067,09/27/2020,Allison Group,"6,60","0,60"
69642118,08/21/2013,"Walker, Johnson and Delgado","197,44","17,95"
69117260,08/12/2019,James and Sons,"46,75","4,25"
53272540,12/16/2015,"Cabrera, Todd and Anderson","389,27","35,39"
94138597,02/05/2018,Green LLC,"1773,75","161,25"
13507183,09/09/2015,Roberts Ltd,"1129,39","102,67"
74819543,10/07/2020,Hamilton-Jackson,"137,50","12,50"
65498230,02/16/2021,Edwards-Archer,"50,05","4,55"
94098997,10/04/2020,Ashley-Perry,"15231,45","1384,68"
11926242,03/01/2012,Turner Inc,"3674,52","334,05"
48531206,08/03/2019,Rodriguez-Barnett,"6146,70","558,79"
82977013,12/06/2013,"Snyder, Benton and Reed","269,49","24,50"
70710512,08/05/2013,"Smith, Hernandez and Trujillo","280,72","25,52"
29907458,04/26/2017,Carpenter LLC,"415,61","37,78"
86225018,12/18/2015,Pope LLC,"5950,69","540,97"
79064100,05/25/2018,Brown and Sons,"92,88","8,44"
69057610,08/20/2013,Frazier-Davis,"17529,89","1593,63"
85473134,04/24/2017,Molina Inc,"889,76","80,89"
92919413,10/04/2020,Jones and Sons,"6591,93","599,27"
49380136,02/21/2019,Hughes-Raymond,"190,62","17,33"
50956755,09/06/2019,Conley-Irwin,"31954,82","2904,98"
39571754,07/03/2013,"Hernandez, Barber and Jones","7645,22","695,02"
39077025,12/15/2011,"Mcdonald, Jordan and Malone","3901,63","354,69"
77015917,12/21/2017,"Ray, Hurst and Cruz","109,94","9,99"
10357282,11/08/2016,Medina-Phillips,"148,03","13,46"
39714865,09/08/2018,Jordan-Spencer,"204,90","18,63"
50554106,12/17/2012,Brown-Carr,"18863,63","1714,88"
10819011,02/09/2018,King-Harris,"561,70","51,06"
49929761,02/04/2021,"Anderson, Davidson and Webster","3805,63","345,97"
92179921,10/11/2012,Moyer-Jones,"266,11","24,19"
23385207,06/23/2012,"Williams, Yang and Jackson","264,00","24,00"
19507687,09/19/2018,"Moore, Hill and Ford","61189,67","5562,70"
29534383,05/30/2017,"Smith, Herrera and Graves","362,27","32,93"
58126171,08/14/2015,Richards and Sons,"33972,73","3088,43"
86575728,11/24/2014,"Garcia, Meyer and Cook","997,37","90,67"
76628307,05/05/2019,"Medina, Moss and Martin","3393,40","308,49"
57478727,08/12/2011,"Berry, Lopez and Jordan","55849,63","5077,24"
49416245,11/08/2015,"Marsh, Harris and Ortiz","142,99","13,00"
16499996,05/05/2019,Ballard-Henry,"21,45","1,95"
61113263,02/04/2014,"Macdonald, Bentley and Nguyen","26329,42","2393,58"
41887329,11/26/2020,Olsen Ltd,"19084,92","1734,99"
74583312,05/05/2015,Gross PLC,"697,80","63,44"
23995139,05/30/2015,"Phillips, Burton and Mcdaniel","93439,30","8494,48"
87934175,10/19/2016,French-Sullivan,"107,78","9,80"
11637316,03/21/2015,"Farmer, Pennington and Osborn","4140,06","376,37"
39652805,03/20/2020,Hancock LLC,"329,99","30,00"
15172184,08/24/2017,Hart-Wright,"5301,89","481,99"
99454334,07/08/2017,Stafford and Sons,"105,60","9,60"
87456388,02/10/2012,Marshall and Sons,"284,66","25,88"
40949664,05/12/2020,Taylor PLC,"421,25","38,30"
87873157,05/09/2017,Martin-Allison,"6,60","0,60"
23897213,07/14/2019,Aguirre Ltd,"277,89","25,26"
60518602,08/30/2016,Leblanc and Sons,"2568,45","233,50"
35259356,01/20/2018,Ross Inc,"692,78","62,98"
74263194,03/28/2020,Mayer-Bates,"131,92","11,99"
59051048,12/12/2015,Gardner LLC,"294,27","26,75"
76272465,01/06/2017,Mcdonald-Green,"665,49","60,50"
38680884,12/22/2015,"Taylor, Padilla and Carson","112,13","10,19"
23908850,04/08/2016,"Meza, Long and Rivera","304,92","27,72"
20295549,11/20/2011,Ward-Jordan,"7237,02","657,91"
96192536,06/12/2011,"Haas, Garcia and White","145,94","13,27"
44868919,02/08/2020,"Craig, Fox and Anderson","481,79","43,80"
45141161,11/18/2011,"Carter, Kelley and Scott","5255,87","477,81"
42910151,04/05/2013,"Schultz, Thomas and Lang","40507,41","3682,49"
11640046,11/06/2014,Turner Ltd,"8487,82","771,62"
57600191,03/17/2017,Dean Inc,"2454,03","223,09"
69652053,11/19/2014,Avila Group,"15096,06","1372,37"
59119338,04/11/2017,Mosley PLC,"502,74","45,70"
97830664,09/04/2015,Walls Group,"12543,64","1140,33"
69614664,11/28/2011,"Olson, Simon and Smith","19,69","1,79"
76880869,08/13/2018,Montoya-Williams,"5101,65","463,79"
81858677,12/25/2012,Anderson Group,"2388,93","217,18"
45072803,08/05/2017,Morrow Group,"2782,39","252,94"
86780085,08/23/2011,"Kirk, Collins and Henson","8700,64","790,97"
39489564,06/20/2015,Martin PLC,"337,45","30,68"
35963820,07/22/2020,Spears-Wilson,"159,45","14,50"
19091235,04/22/2020,King PLC,"5370,54","488,23"
66053252,10/26/2017,Brown-Graves,"49665,33","4515,03"
51508002,05/19/2015,Joseph PLC,"414,67","37,70"
63131640,06/21/2015,"Richards, Williams and Houston","740,69","67,34"
33696326,08/07/2013,Turner-Wilson,"32625,33","2965,94"
99116837,12/21/2012,Matthews Ltd,"4695,01","426,82"
52230192,08/10/2012,Campbell-Gordon,"17108,96","1555,36"
59334099,12/04/2019,Roberts and Sons,"106,70","9,70"
23048796,09/15/2020,"Chavez, Cooley and Snyder","533,18","48,47"
75050384,03/04/2012,"Richards, Cole and Young","25346,42","2304,22"
46915335,07/08/2020,"Mcintyre, Becker and Moore","22,00","2,00"
28618390,08/09/2014,"Brown, Smith and Blevins","328,42","29,86"
77931288,10/20/2019,Phillips PLC,"329,83","29,98"
83337807,08/29/2015,James-Cooley,"41,53","3,78"
48844293,10/31/2020,Hansen-Barrett,"4306,26","391,48"
60866416,02/17/2021,Arnold PLC,"284,86","25,90"
16543713,11/21/2016,Garrett LLC,"113464,52","10314,96"
78796145,03/28/2017,"Coleman, Cowan and Mejia","21710,03","1973,64"
62005229,03/05/2018,Chapman LLC,"76,98","7,00"
88628178,07/18/2012,"Johnson, Newman and Nelson","1660,86","150,99"
29712721,05/04/2021,Navarro LLC,"94,58","8,60"
71748307,12/24/2011,Lewis Group,"1576,90","143,35"
98964062,05/30/2018,Lawrence-Pacheco,"274,45","24,95"
93300746,02/11/2013,"Holloway, Ford and Smith","365,13","33,19"
35014787,01/17/2012,Avila and Sons,"156,45","14,22"
52335893,09/30/2012,Stanley Group,"16537,65","1503,42"
54557938,08/03/2016,"Clark, Russell and Johns","5857,51","532,50"
32530432,11/11/2014,Barnes PLC,"5597,66","508,88"
30083114,12/19/2016,Diaz LLC,"610,81","55,53"
31386585,02/03/2021,Bruce-Reid,"219,98","20,00"
17811597,07/24/2013,Cox-Moore,"3756,43","341,49"
94215570,11/05/2017,"Cole, Lee and Long","10,98","1,00"
93132815,09/07/2019,Price-Bennett,"249,68","22,70"
35312696,05/11/2017,"Thompson, Terry and Johnson","321,95","29,27"
74184749,03/07/2015,Liu-Perry,"3,29","0,30"
17619666,03/09/2020,English-Brown,"41419,40","3765,40"
24060857,07/09/2015,Collins-Williams,"287,55","26,14"
37763406,08/17/2015,Brown Ltd,"70053,37","6368,49"
69607855,08/02/2014,Wright LLC,"22660,00","2060,00"
74337375,11/26/2018,"Garrett, Simmons and Smith","191,57","17,42"
25604558,03/08/2015,Taylor and Sons,"306,82","27,89"
86504530,08/03/2014,"Ward, Stewart and Bennett","20986,37","1907,85"
56427222,11/26/2018,Marsh-Kennedy,"307,93","27,99"
67851927,09/22/2016,"Forbes, Young and Fisher","1037,38","94,31"
32483210,11/29/2011,Quinn-Campos,"76,99","7,00"
42498094,03/21/2017,Brown-Vazquez,"141,87","12,90"
16759248,09/17/2017,"Lee, Gomez and Chung","76534,92","6957,72"
86792000,04/11/2020,Blackburn-Stephenson,"496,43","45,13"
64603610,12/29/2013,"Moore, Guerrero and Jacobson","8210,08","746,37"
81149702,02/05/2012,"Sanchez, Miller and Mitchell","924,44","84,04"
39193381,06/19/2015,Mata Group,"3607,73","327,98"
21024792,02/23/2013,Peterson-Taylor,"6,38","0,58"
44048791,06/30/2015,Smith-Wells,"12955,61","1177,78"
67123367,03/19/2020,Hernandez LLC,"1770,90","160,99"
40217081,09/15/2014,Allen Inc,"714,03","64,91"
95296819,06/19/2011,Benjamin-Aguilar,"17711,25","1610,11"
14139811,09/05/2018,Smith-Coleman,"524,67","47,70"
72256079,04/01/2018,Hanna-Tapia,"916,21","83,29"
71561544,10/27/2019,Downs-Harvey,"81117,18","7374,29"
47981077,07/10/2017,Santiago-King,"18165,14","1651,38"
77715322,08/23/2013,Branch-White,"39,53","3,59"
20802870,02/08/2017,Warren-Willis,"29087,53","2644,32"
73019594,05/11/2020,Jenkins PLC,"993,96","90,36"
74494433,09/12/2017,Huynh-Ruiz,"4008,74","364,43"
36985569,12/07/2015,Williams-Reid,"99,00","9,00"
18670724,02/02/2018,Davis-Shepherd,"2441,81","221,98"
29998351,12/21/2012,Sheppard Ltd,"20085,99","1826,00"
45743873,02/23/2014,Todd-Barnes,"64,99","5,91"
95216794,08/10/2017,Adams-Burns,"48,14","4,38"
85432283,12/13/2014,Thompson-Perry,"125,30","11,39"
67802841,09/09/2015,Nelson-Clark,"3625,57","329,60"
24734743,12/13/2015,Tyler-Black,"296,48","26,95"
40044178,04/05/2019,Wilson Group,"2069,23","188,11"
45904441,02/14/2019,"Martin, Wright and Mccarty","633,96","57,63"
85765662,04/22/2017,"Meyer, Lambert and Smith","108,06","9,82"
72492750,02/03/2013,Gomez Ltd,"377,52","34,32"
85303612,07/08/2016,Stewart-Faulkner,"2149,21","195,38"
45562249,10/19/2018,"Williams, Smith and Myers","424,93","38,63"
39772830,03/30/2016,"Ray, Evans and Davis","823,66","74,88"
99173131,08/30/2011,Willis and Sons,"40,30","3,66"
76322049,05/21/2021,Jones LLC,"194,82","17,71"
63246591,01/07/2020,Williams-Jimenez,"19,76","1,80"
88223203,01/14/2014,"York, Best and Spencer","279,36","25,40"
68338115,01/07/2021,Adams-Lewis,"160,08","14,55"
30208398,05/24/2019,"Green, Scott and Miller","44,28","4,03"
97776691,04/16/2014,"Malone, Pierce and Morgan","1883,91","171,26"
29515593,03/21/2021,"Thompson, Jackson and Ware","330,29","30,03"
65981953,05/14/2020,Jackson-Holland,"1028,36","93,49"
50357965,02/06/2015,Curtis-Lloyd,"387,11","35,19"
69721323,05/07/2019,Murray-Eaton,"9145,62","831,42"
40631256,02/05/2014,Russell-Jackson,"395,75","35,98"
60595703,08/13/2019,"Bullock, Jenkins and Harrison","8605,01","782,27"
37575831,08/27/2017,Kelly LLC,"205,29","18,66"
69638281,07/09/2014,Anderson-Lindsey,"66,00","6,00"
22442124,01/13/2012,"Benitez, Pierce and Moreno","211,57","19,23"
19570656,04/05/2016,Schneider-Garrison,"65,98","6,00"
71388340,02/21/2021,Hicks-Mayer,"14317,42","1301,58"
28807915,06/10/2020,Dixon-Thompson,"2861,80","260,16"
63279909,01/27/2012,Baker PLC,"285,96","26,00"
11829549,05/13/2017,"Tapia, Robinson and Miller","172,26","15,66"
37451664,06/11/2020,"Williams, Schneider and Gomez","153,92","13,99"
32135544,08/16/2014,Lucas-Barnett,"689,19","62,65"
45175273,03/30/2020,"Smith, Fox and Castaneda","771,54","70,14"
22529030,02/02/2018,Johnson LLC,"2389,07","217,19"
84652373,02/23/2021,Nguyen-Roach,"232,95","21,18"
45302561,11/25/2015,Finley PLC,"137354,02","12486,73"
37306845,04/29/2015,Edwards Ltd,"10153,76","923,07"
18650156,03/23/2020,Rodriguez LLC,"112,12","10,19"
75399670,03/25/2012,"Hernandez, Murphy and Saunders","246,28","22,39"
73285932,07/25/2017,"Merritt, Williams and Young","677,47","61,59"
33310882,01/23/2020,"Davis, Hogan and Hardin","2446,21","222,38"
40108666,02/07/2020,Hester Inc,"498,21","45,29"
34476404,07/24/2018,Ellis and Sons,"34486,08","3135,10"
18999056,07/29/2011,Thompson PLC,"164,97","15,00"
22758345,12/21/2015,"Hensley, Harrison and Miller","2694,13","244,92"
79036267,09/16/2016,Bradley-Daniel,"1176,62","106,97"
11556735,03/07/2014,Scott Ltd,"388,63","35,33"
35382296,09/07/2016,"Gilbert, Spencer and Anderson","1930,23","175,48"
90292361,05/21/2019,Barnett PLC,"16231,52","1475,59"
32009066,04/18/2020,Peterson-Bryant,"3707,10","337,01"
64661204,12/19/2016,Wilson PLC,"4304,03","391,28"
95545504,04/06/2012,Johnson Ltd,"65,78","5,98"
66919860,05/11/2021,"Chavez, Ortega and Hunt","49,90","4,54"
51033885,10/20/2020,Davis-Olson,"229,08","20,83"
17014325,03/16/2017,Hancock-Shields,"682,00","62,00"
81040846,02/07/2021,"Osborne, Mcdonald and Hamilton","375,87","34,17"
63042822,06/04/2014,Harrison LLC,"56680,77","5152,80"
41287213,12/05/2019,Sanders Group,"500,87","45,53"
74093352,10/18/2020,"Miller, Coleman and Rivera","395,25","35,93"
80673242,06/12/2012,Petersen Group,"504,69","45,88"
66825384,02/22/2015,"Tyler, Morris and Chaney","8450,91","768,26"
23287155,11/07/2018,"Ramsey, Herring and Wyatt","12412,48","1128,41"
94052403,03/30/2021,"Hines, Ingram and Fisher","124743,65","11340,33"
61249473,12/02/2015,Sloan and Sons,"4713,34","428,49"
91858806,03/05/2012,"Schmidt, Butler and Rodriguez","208,98","19,00"
70471446,03/16/2019,"Gonzalez, Jacobs and Williams","1708,27","155,30"
80921168,05/14/2015,"Matthews, Long and Hutchinson","3834,16","348,56"
12947568,11/10/2018,"Stone, Kramer and Diaz","300,81","27,35"
83087619,05/06/2019,Turner-Wilkins,"172,41","15,67"
61987058,11/13/2014,"Perry, Elliott and Gray","377,05","34,28"
85992771,03/30/2021,"Chapman, Koch and Rivera","409,13","37,19"
10503434,10/14/2020,Tucker-Castillo,"87,99","8,00"
38392535,12/01/2018,Howard-Haynes,"1627,98","148,00"
85395957,01/02/2019,"Morgan, Johnson and Lee","320,65","29,15"
16455494,10/08/2014,"Stephenson, Edwards and Fowler","65395,63","5945,06"
89528165,12/30/2019,"Fuller, Martin and Hays","36,30","3,30"
79622223,08/30/2011,Haas PLC,"351,97","32,00"
72499229,02/15/2012,"Cordova, Kennedy and Stevenson","212,20","19,29"
98424808,03/26/2019,Higgins-Rhodes,"16811,70","1528,34"
61382297,12/23/2015,Weaver-Hughes,"1869,93","169,99"
11101593,05/18/2015,Carter Ltd,"1121,93","101,99"
90670432,03/13/2018,Stevens Inc,"79,53","7,23"
93008460,03/06/2015,"Huynh, Kim and Jacobs","5575,87","506,90"
11898657,07/29/2020,"Evans, Andrade and Williams","489,38","44,49"
91445086,11/04/2019,Randolph LLC,"180,87","16,44"
29800590,08/10/2012,"Hines, Hickman and Johnson","1084,56","98,60"
36475327,08/23/2020,Faulkner Group,"5605,15","509,56"
95076029,11/20/2011,Smith-Cabrera,"249,96","22,72"
84991865,03/18/2012,Sanchez-Bean,"98,76","8,98"
34521296,07/21/2018,"Lee, Murphy and Carrillo","5332,92","484,81"
82038366,04/01/2015,Medina-Thompson,"2837,86","257,99"
53831875,02/12/2017,Nelson Group,"433,86","39,44"
68743594,11/14/2015,Green-Schmidt,"45,95","4,18"
89499883,11/23/2013,Smith-Glover,"228,92","20,81"
51109338,04/13/2013,"Andrews, Kirby and Valdez","6204,19","564,02"
27968677,05/10/2012,"Stanley, Hampton and Henry","6473,43","588,49"
50222999,03/03/2015,Rodriguez-Thomas,"3323,10","302,10"
10963794,08/09/2012,Pena-Schaefer,"589,41","53,58"
41659958,04/09/2015,Jones-Torres,"19330,41","1757,31"
43813549,08/07/2018,Navarro-Webb,"182,23","16,57"
90172850,09/22/2012,"Morgan, Farmer and Cook","71,96","6,54"
60882295,12/11/2013,Palmer-Johnson,"686,02","62,37"
14693250,07/17/2019,Bailey LLC,"280,84","25,53"
51783813,01/26/2017,Johnson-Evans,"904,66","82,24"
25951002,12/10/2012,Clark Group,"10898,16","990,74"
12847181,03/03/2012,Fitzpatrick and Sons,"6860,45","623,68"
97022721,04/28/2019,Brown Ltd,"4416,24","401,48"
93493698,04/05/2015,Gilbert-Colon,"6140,09","558,19"
51467723,04/21/2019,"Proctor, Morgan and Williams","106498,92","9681,72"
13865937,10/05/2014,Butler LLC,"359,26","32,66"
56943461,12/05/2015,Diaz PLC,"10560,00","960,00"
92944130,07/07/2014,"Long, Jacobson and Roman","1576,18","143,29"
66043700,09/08/2014,Goodwin-Campbell,"1253,94","113,99"
57381840,08/31/2017,Weber-Rodriguez,"16253,60","1477,60"
66525131,07/26/2014,Moreno PLC,"224,75","20,43"
47089332,08/20/2017,"Green, Jackson and Fariey","5928,52","538,96"
56557802,04/13/2019,"Robertson, Allen and Ashley","313,45","28,50"
98224499,11/15/2012,Mullen-Fields,"259,58","23,60"
46964541,11/07/2011,Young-Kim,"2810,45","255,50"
62962397,11/05/2018,"Watts, Soto and Potter","242,85","22,08"
87101999,01/28/2013,"Young, Nielsen and Bryant","593,97","54,00"
60703296,02/26/2020,Campbell-Burns,"1302,62","118,42"
94666143,10/11/2013,"Montgomery, Macias and Hines","11692,71","1062,97"
15902016,11/07/2017,Spencer Ltd,"7397,59","672,51"
11036543,06/25/2017,Jackson Inc,"368,47","33,50"
35293120,08/09/2018,Reynolds Inc,"4828,97","439,00"
47602389,03/22/2015,Roberts Inc,"131334,52","11939,50"
77164038,04/15/2021,Myers-Brooks,"90,67","8,24"
63960251,11/15/2019,"Hill, Williams and Knight","361,91","32,90"
78697882,09/18/2016,Wright-Lewis,"3567,15","324,29"
77006579,11/12/2019,Hunter-Miranda,"292,40","26,58"
92608297,03/03/2019,Yates PLC,"8210,37","746,40"
25353322,01/05/2014,Bradley-Ford,"205,62","18,69"
29180375,10/30/2011,"Browning, Johnson and Graham","290,18","26,38"
74227045,05/03/2018,Hopkins Ltd,"759,11","69,01"
22434910,12/30/2015,Miller Group,"344,13","31,28"
70370075,09/19/2015,Smith Ltd,"64774,93","5888,63"
53575326,11/18/2018,Gay Group,"7876,46","716,04"
39463508,09/17/2013,"Barry, Ruiz and Alexander","5013,80","455,80"
55954287,03/23/2012,Johnson-Moore,"46660,90","4241,90"
26213346,10/05/2020,Young-Hess,"901,92","81,99"
72005605,09/16/2019,Pearson Group,"95556,75","8686,98"
72026666,12/04/2012,"Hansen, Campbell and Boyd","53782,93","4889,36"
77097467,05/03/2019,"Lopez, Jordan and Jimenez","7006,91","636,99"
59506452,11/20/2017,Graham-Martinez,"67719,34","6156,30"
24364764,04/04/2012,Brown-Sullivan,"52,44","4,77"
98497640,06/22/2019,"Carter, Welch and Ryan","26660,87","2423,72"
64291160,02/17/2016,Weiss-Thomas,"148,50","13,50"
65545038,06/21/2018,Roberts-Kelly,"420,39","38,22"
93910733,01/18/2018,"Reid, Ryan and Butler","4643,14","422,10"
34108072,10/05/2014,Mcclure-Thompson,"181,50","16,50"
45205576,11/18/2015,"Paul, Moore and Rojas","6874,44","624,95"
90841776,01/12/2019,Brennan-Smith,"110,00","10,00"
51608394,04/17/2015,Kramer-Moody,"998,53","90,78"
23710540,12/13/2011,"Wang, Mann and Johnson","50,19","4,56"
22819126,09/05/2012,Rojas and Sons,"3948,95","359,00"
64516079,12/14/2020,"Schmidt, Carrillo and Estes","48,37","4,40"
87844093,04/09/2021,Snyder-Lane,"7328,87","666,26"
98824587,03/09/2020,"Hughes, Edwards and Jones","4113,92","373,99"
12681565,09/07/2015,Thompson-Baker,"4391,10","399,19"
41210651,12/12/2011,Holloway-Wright,"378,29","34,39"
88834769,08/18/2011,Gonzales PLC,"37,38","3,40"
91484809,04/05/2013,Lopez Inc,"81492,41","7408,40"
74724200,02/15/2016,"Hawkins, Bell and Calhoun","242,70","22,06"
14778207,01/06/2017,"Caldwell, Ortega and Adams","12267,20","1115,20"
83514460,06/10/2019,Mason Group,"395,99","36,00"
13337063,01/15/2014,"Cooper, Carr and Graham","73920,00","6720,00"
92631946,09/05/2020,"Alexander, Gibson and Le","1152,24","104,75"
17585415,09/26/2016,Carey-Montgomery,"464,87","42,26"
28036023,06/12/2020,Torres-Johnson,"165,00","15,00"
14103295,04/12/2013,Taylor-Robinson,"421,25","38,30"
78785504,03/21/2012,Campbell-Weiss,"567,55","51,60"
15829892,02/01/2021,Wyatt-Keith,"5902,45","536,59"
53986545,08/04/2014,"Reid, Dixon and Larson","720,43","65,49"
68251548,10/07/2019,"Peterson, Oconnor and Rodriguez","158,40","14,40"
58769039,07/09/2012,"Martin, Foster and Hayes","3382,45","307,50"
27702906,08/06/2015,Mcclain Group,"10661,46","969,22"
33815697,09/14/2015,Weaver-Harrington,"324,41","29,49"
59989382,11/30/2015,Lawrence PLC,"4845,38","440,49"
98542442,07/25/2018,"Eaton, Lane and Robinson","659,67","59,97"
91300640,01/07/2015,"Arnold, Mccall and Briggs","3827,98","348,00"
82339928,12/19/2016,Lam-Mccormick,"14737,18","1339,74"
83158540,02/28/2015,"Anthony, Haley and Wiggins","156,05","14,19"
66430808,06/18/2020,"Acosta, Price and West","769,54","69,96"
65917154,03/25/2019,Key-Fisher,"2850,93","259,18"
22749826,02/11/2017,Russell PLC,"165,42","15,04"
52064971,07/26/2017,Burke Inc,"20437,73","1857,98"
39080216,09/26/2017,Hawkins-Watts,"234,40","21,31"
29311476,04/17/2016,"Newman, Elliott and Nelson","196,42","17,86"
84597526,01/22/2013,"May, Jones and Diaz","1116,62","101,51"
71185820,05/16/2015,Mayer Ltd,"1392,84","126,62"
47291856,04/26/2018,"Lewis, Hale and Dickerson","50,85","4,62"
66585788,03/18/2012,Martinez-Bennett,"1128,35","102,58"
53391878,09/06/2017,"Conner, Price and Melendez","1113,15","101,20"
59628193,12/19/2019,"Chandler, Campbell and Smith","32880,80","2989,16"
94914402,05/25/2016,"Gonzalez, Martin and Hamilton","255,64","23,24"
50857048,05/22/2020,Rhodes Inc,"64,72","5,88"
43040851,05/30/2019,"Spencer, Lopez and Bowers","30235,98","2748,73"
77310109,12/03/2020,Cole Group,"4572,37","415,67"
81321189,10/20/2014,Williams-Patel,"552,19","50,20"
24489313,12/13/2019,Hernandez-Fleming,"1234,20","112,20"
58751726,10/09/2018,"Singleton, Perry and Brown","2298,03","208,91"
94223548,11/19/2012,"Mitchell, Acevedo and Wright","4420,79","401,89"
81133446,10/05/2018,Espinoza-Doyle,"56,10","5,10"
24945791,12/15/2015,"Phillips, Elliott and Johnston","27657,15","2514,29"
58777305,04/12/2018,"Martin, Lowe and Alvarado","106081,93","9643,81"
14467965,12/20/2019,Morse-Parsons,"228,71","20,79"
48440593,06/27/2014,Warren Group,"3620,84","329,17"
